產品包裝,名稱,下片日期,目錄路徑,簡介,演員,授權,連結,圖片,更新日期
卡通199-兒童,動物園道S4,2019-07-25,卡通199/2+推薦/動物園道S4 ,榮獲英國最佳學齡前兒童類別動畫獎。住在動物園隔壁的露西，每天晚上道過晚安之後，就會偷溜進動物園裡，聽她的動物朋友們說故事。露西的動物朋友們來自世界各個角落，透過一個又一個有趣、溫馨、可愛的動物故事，露西不但聽到了好聽的床邊故事，也學會了體貼他人、勇敢負責等等與他人相處的重要課題。故事場景遍及五大洲，有大海中鯨魚冒險的故事、非洲動物們想去衝浪的故事、動物們一起裝飾聖誕樹的故事等，各個動物的冒險故事滿足了小朋友的想像，並無形中增加小朋友對地球環境和生物的知識。,,,http://mod.cht.com.tw/video/drama-details.php?id=422177,http://mod.cht.com.tw/img/iappic/422177.jpg,2017-10-06 21:55:42
卡通199-兒童,愛探險的朵拉5,2017-12-28,卡通199/7+推薦/愛探險的朵拉5 ,描述朵拉跟她的猴子好朋友布茨，背包和其他動物的故事，鼓勵學齡前兒童在邊玩邊互動的型式一同冒險。每集節目會有明確的設定，由朵拉邀請小朋友和她一起展開探險，循著地圖途經各點都會有待解決的任務，最後會以「我們做到了」的文字與舞蹈一同歡慶任務完成。朵拉為了要到達目的地，過程中需要解決謎語、語文或是算數問題。,"朵拉,布茨,搗蛋鬼,地圖和背包",,http://mod.cht.com.tw/video/drama-details.php?id=357733,http://mod.cht.com.tw/img/iappic/357733.jpg,2017-10-06 21:55:42
卡通199-兒童,嘿!布探員,2020-09-30,卡通199/精選兒童/嘿!布探員 ,第1集【無聊的小布】，阿德幫覺得生活無聊到爆的好朋友小布尋找新鮮有趣的事，小布因此愛上了網球。正當小布忙著打網球時，阿德打開了一盒玩具，沒想到這些玩具居然是外星人操控的飛碟，被阿德放出來之後還把實驗室弄得亂七八糟，最後小布成功的以網球拍收服了這些外星飛碟。第2集【星期五失寵了】，星期五撿到了一隻可愛的狗狗，把阿德和小布的注意力和關愛全都搶走了。星期五警告阿德和小布狗狗的內心可能很邪惡，但是阿德和小布完全不相信。事實證明星期五是對的，狗狗後來露出了牠的本性，牠其實是一個想要統治宇宙的壞壞外星人！,,,http://mod.cht.com.tw/video/drama-details.php?id=438572,http://mod.cht.com.tw/img/iappic/438572.jpg,2017-10-06 21:55:42
卡通199-兒童,星際探險趣,2018-05-31,卡通199/精選兒童/星際探險趣 ,美國太空總署NASA協助拍攝!在星塵灣有一間火星學校，這間學校曾培育出許多優秀的太空冒險家。鷹雄、羅蘋和霍克都是火星學校的學生，他們冒險穿越隕石區、受太陽風暴影響而迷失方向，每一次的任務和危機，都幫助他們發現宇宙和各個行星的不同面貌，並透過環境特色、地質、氣候等，去了解各個星球的特點。浩瀚的宇宙無限精采，現在就跟著星際探險趣一起發現宇宙吧！【星際探險趣】的製作團隊特別與美國航太總署NASA合作，由NASA專家審核每一集的故事內容，確認其在太空科學方面的知識正確，NASA也提供許多額外的資料，讓製作團隊能夠,,,http://mod.cht.com.tw/video/drama-details.php?id=378219,http://mod.cht.com.tw/img/iappic/378219.jpg,2017-10-06 21:55:42
卡通199-兒童,寵物寶貝,2017-12-28,卡通199/夢幻少女/寵物寶貝 ,口袋鎮裡有個漂亮的小貓公主叫艾娃，她的工作是幫助孩童與寵物進行配對。有一天，她的雙胞胎妹妹伊娃因忌妒而使計陷害，讓她意外被扯入現實世界，而女主角凱特也因此被吸入口袋鎮。凱特與她的新寵物小魔代替艾娃公主確保孩童與寵物配對持續進行，而伊娃千方百計阻止她們，為的就是要成為新公主!,,,http://mod.cht.com.tw/video/drama-details.php?id=433148,http://mod.cht.com.tw/img/iappic/433148.jpg,2017-10-06 21:55:42
卡通199-兒童,POLO妙世界,2022-05-26,卡通199/精選兒童/POLO妙世界 ,【POLO妙世界1-4】小狗波羅的旅行不搭飛機、不搭船也不搭車，而是從一條線、一把傘或是一隻鯨魚的水柱開始。在波羅的冒險背包中，有一條萬能的繩子，可以當成繩索，也可以變成天空中的樓梯，還可以當做溜滑梯，每次他要出去旅行，黑線就會帶著他前往目的地。波羅曾經幫助落下的星星再度回到夜空，也曾幫助迷路的美人魚回到大海，甚至幫助國王魚找回被偷走的皇冠，每一次的冒險都在波羅非凡的想像力下，有了完美的結局！,POLO,,http://mod.cht.com.tw/video/drama-details.php?id=454091,http://mod.cht.com.tw/img/iappic/454091.jpg,2017-10-06 21:55:42
卡通199-兒童,歡樂小鎮,2017-12-28,卡通199/精選兒童/歡樂小鎮 ,每則「歡樂小鎮」的故事促進正向社會互動與認知技巧的發展，每集「歡樂小鎮」都傳遞一樣的訊息:「那就是好友該做的!」。「歡樂小鎮」像個創意調色盤，擁有豐富的角色與故事，包括現實生活中常碰到的麵包師傅、牛仔、警察、消防員、運動員、農夫等，還有常駐小孩腦中的幻想人物，如海盜、美人魚、公主與超級英雄。104年更榮獲2-6歲適齡兒童標章，適合小小孩與家長們一同觀賞。,,,http://mod.cht.com.tw/video/drama-details.php?id=417888,http://mod.cht.com.tw/img/iappic/417888.jpg,2017-10-06 21:55:42
卡通199-兒童,海龜小英雄,2017-12-28,卡通199/7+推薦/海龜小英雄 ,海底國王遭邪惡的弟弟伊魔珍下毒暗算，能救國王的唯一解藥是兔子的肝。為了保住一命，兔子艾米撒謊，聲稱她把肝臟留在奇蹟之山。艾米和名為「英雄」的海龜因此出發尋找肝臟，他們卻發現惡靈傑克手中的草藥的藥性和兔子肝有同樣的療效。最終，英雄將傑克封印，回到海底王國利用草藥拯救國王性命。,,,http://mod.cht.com.tw/video/drama-details.php?id=445581,http://mod.cht.com.tw/img/iappic/445581.jpg,2017-10-06 21:55:42
卡通199-兒童,雲朵麵包,2019-05-31,卡通199/2+推薦/雲朵麵包 ,第1集【雲朵麵包】，一天早晨，小冰起床後發現外面正下著雨。她把弟弟叫醒，兩個人偷溜出門，發現有朵雲，卡在屋外的樹枝上。媽媽利用這朵雲做了特別的 雲朵麵包 。第2集【影子與主人】，小羊才剛搬到這個村莊，他很害羞。所以當大家在公園玩影子遊戲時，他卻獨自坐在長椅上看著大家。他後來把影子丟了，小冰和小西合力幫他找回影子。第3集【魔術奶奶】，小冰與小西與其他小朋友們在公園遇到了一個變魔術的老奶奶。她在變魔術的過程狀況百出，小朋友沒耐心，大家一哄而散。,,,http://mod.cht.com.tw/video/drama-details.php?id=402676,http://mod.cht.com.tw/img/iappic/402676.jpg,2017-10-06 21:55:42
卡通199-兒童,嗚咪123第1季,2017-12-28,卡通199/卡通明星/嗚咪123第1季 ,嗚咪123的故事，是米立、傑歐和小機器人用數學知識解決數數城問題的歷險！讓小寶貝和這些小英雄們一起解決無所不在的數學問題，並瞭解到數學在生活中的重要性，不僅能提高對於數學的興趣，更能夠讓小寶貝享受學習數學的樂趣。,"米立,傑歐和小機器人",,http://mod.cht.com.tw/video/drama-details.php?id=378289,http://mod.cht.com.tw/img/iappic/378289.jpg,2017-10-06 21:55:42
卡通199-兒童,湯瑪士小火車S14,2017-12-28,卡通199/卡通明星/湯瑪士小火車S14 ,今天多多島全新動物公園要開幕了，湯瑪士要負責載送多多島上最高的動物長頸鹿前往動物公園，太興奮的他沒有等飼育員上車就離開了，等他來到橋下時，長頸鹿不肯坐下，又不聽湯瑪士的話，害得湯瑪士無法穿過橋下，造成了延誤，幸好最後湯瑪士努力的彌補錯誤，大家才開心的迎接多多島最高的動物到來。#1 湯瑪士的高大朋友／#2 亨利的神奇貨箱,湯瑪士,,http://mod.cht.com.tw/video/drama-details.php?id=423008,http://mod.cht.com.tw/img/iappic/423008.jpg,2017-10-06 21:55:42
卡通199-兒童,機器戰士TOBOT 3,2019-02-28,卡通199/精選兒童/機器戰士TOBOT 3 ,駕訓班的車輛在路上突然失靈引發事故，幸而機器戰士前來救援，才未釀成大禍。里莫收到傳票，關門已久的布龍汽車工廠居然遭檢舉排放危害廢棄物。希柱向王董事長報告，他似乎找到了老闆失散多年的兒子…為了認祖歸宗，狄魯克必須開始學習貴族儀態，並熟記王家族譜。關於之前的環快道路事故，雷恩和朵莉都聯想到之前布龍汽車所策劃的陰謀。里莫巧遇以前的同學兼職員安琪拉，她向里莫提出重新開始布龍汽車的建議…,,,http://mod.cht.com.tw/video/drama-details.php?id=428255,http://mod.cht.com.tw/img/iappic/428255.jpg,2017-10-06 21:55:42
卡通199-兒童,哆啦A夢,2017-12-28,卡通199/卡通明星/哆啦A夢 ,故事得從一個缺乏運動神經，考試老是拿零分，超級懶惰又愛睡懶覺，簡直一無是處的小學生．野比大雄說起。有一天，有一個貓型機器人「哆啦A夢」從二十二世紀搭乘時光機，前來這個超遜少年大雄的房間。原來是大雄的曾孫「小世修」想要改變大雄的悲慘人生，特地將哆啦A夢送到他身邊。為了幫助完全靠不住的大雄，哆啦A夢從四次元口袋裡拿出許多秘密道具，每樣道具的功能都十分驚人哦!,"哆啦A夢,大雄,靜香,胖虎,小夫",,http://mod.cht.com.tw/video/drama-details.php?id=175945,http://mod.cht.com.tw/img/iappic/175945.jpg,2017-10-06 21:55:42
卡通199-兒童,MOMO歡樂谷-MOMO這一家,2017-12-27,卡通199/兒童節目/MOMO歡樂谷-MOMO這一家 卡通199/本週上架 ,讓孩子輕鬆觀賞節目時，也能學習的優質兒童節目。利用孩子們最喜愛看哥哥姐姐們演戲的心理，以及聽故事的特性，以戲劇呈現方式來吸引孩子對節目的喜愛。以有趣的故事與對話，解答孩子對於生活上的眾多疑惑，讓孩子學習生活教育。由哥哥姐姐演出的趣味短劇，除了帶給孩子歡笑，也會在節目中傳遞正向的教育觀念。,"momo親子台哥哥,姐姐主持群",,http://mod.cht.com.tw/video/drama-details.php?id=463362,http://mod.cht.com.tw/img/iappic/463362.jpg,2017-10-06 21:55:42
卡通199-兒童,家有賤狗,2017-12-28,卡通199/精選兒童/家有賤狗 ,第1話【名犬？迷犬？狗狗豋場】，倉元是一個老是被退稿的漫畫家，有一天回到家發現家裡多了一條狗，那條狗只會阿嗚阿嗚的叫，讓倉元覺得很困擾，不過覺得多一個伴也好，於是決定讓阿嗚留了下來。每想到這一念之間，讓倉元日後的生活從此雞犬不寧，熱鬧非凡…。,"倉元,阿嗚,莎也加,犬神",,http://mod.cht.com.tw/video/drama-details.php?id=219214,http://mod.cht.com.tw/img/iappic/219214.jpg,2017-10-06 21:55:42
卡通199-兒童,莎拉與乖乖鴨S2,2017-12-28,卡通199/卡通明星/莎拉與乖乖鴨S2 ,【莎拉與乖乖鴨S2 1-4集】《 Sarah and Duck》是Karrot Entertainment公司為BBC製作的一套學齡前兒童動畫片，通過小女孩莎拉和她的綠頭鴨好朋友Duck的故事，為孩子們展示友誼和想像力這兩個關鍵的元素，並引導提高孩子解決問題的能力，本節目為其系列作第二季。,,,http://mod.cht.com.tw/video/drama-details.php?id=402878,http://mod.cht.com.tw/img/iappic/402878.jpg,2017-10-06 21:55:42
卡通199-兒童,變形金剛 救援金剛隊S3,2017-12-28,卡通199/精選兒童/變形金剛 救援金剛隊S3 ,一群在宇宙巡邏的金剛們，相會在地球，他們就是救援金剛隊。救援機器人必須學會一起工作，團結一致的應付先前從未測試過的災難和事故，也必須經常將人民從各種大災難當中解救出來，只要人們有需求，救援金剛隊就會伸出援手共同捍衛地球安全!!!。,"鮑德,熱火爐,追逐,刀鋒",,http://mod.cht.com.tw/video/drama-details.php?id=407021,http://mod.cht.com.tw/img/iappic/407021.jpg,2017-10-06 21:55:42
卡通199-兒童,不可思議星球的雙胞胎公主P1,2018-06-28,卡通199/夢幻少女/不可思議星球的雙胞胎公主P1 ,第1集【讓人驚艷的微笑☆雙胞胎公主】，在太陽王國舉辦了第一屆公主舞會。雙胞胎公主法伊恩及蓮伊恩尾隨從熱氣球逃出來的燄燄王國公主黎歐娜而離開了城堡，卻意外被帶往太陽中心的不可思議空間，從傳說中的公主葛瑞絲口中聽到了不可思議星球即將發生的危機。為了拯救不可思議星球，兩人被賦予不可思議的力量－－日光魔法。,"法伊恩,蓮伊恩,波夢,黎歐娜,梅洛,布萊德,阿爾泰莎,夏恩特",,http://mod.cht.com.tw/video/drama-details.php?id=454090,http://mod.cht.com.tw/img/iappic/454090.jpg,2017-10-06 21:55:42
卡通199-兒童,Super Wings,2018-09-30,卡通199/7+推薦/Super Wings ,#01放風箏 杰特奉命要送包裹到喜馬拉雅山的珠穆朗瑪峰給雷米和阿卡斯兩兄弟，送達之後卻遇到了點麻煩，他要如和解決這個問題呢… #02皮影戲 杰特這次要送包裹到中國北京給準備晚上演出皮影戲的小美。而因為小籠包店太忙了，小美的爸可能趕不上看戲，於是杰特決定幫助她，還請來了擅於製造各種工具的多尼幫忙…,,,http://mod.cht.com.tw/video/drama-details.php?id=399741,http://mod.cht.com.tw/img/iappic/399741.jpg,2017-10-06 21:55:42
卡通199-兒童,莎拉與乖乖鴨S1,2017-12-28,卡通199/卡通明星/莎拉與乖乖鴨S1 ,【莎拉與乖乖鴨S1 1-4集】《 Sarah and Duck》是Karrot Entertainment公司為BBC製作的一套學齡前兒童動畫片，通過小女孩莎拉和她的綠頭鴨好朋友Duck的故事，為孩子們展示友誼和想像力這兩個關鍵的元素，並引導提高孩子解決問題的能力。,,,http://mod.cht.com.tw/video/drama-details.php?id=399480,http://mod.cht.com.tw/img/iappic/399480.jpg,2017-10-06 21:55:42
卡通199-兒童,YOYO點點名S14,2018-06-28,卡通199/兒童節目/YOYO點點名S14 ,將生活中遇到有趣的新鮮事物用活潑的方式表演呈現，故事將會設定主題教導小朋友生活常規與知識，同時結合一首點點名歌曲，現場也會安排小朋友一起參與戲劇的互動以及唱歌跳舞，讓小朋友在歡樂中學習知識與培養好的生活習慣。,"東森YOYO家族哥哥,姐姐",,http://mod.cht.com.tw/video/drama-details.php?id=444366,http://mod.cht.com.tw/img/iappic/444366.jpg,2017-10-06 21:55:42
卡通199-兒童,品格教育,2017-12-28,卡通199/兒童節目/品格教育 ,這是一個溫暖的故事，藉由盼盼與小太陽間的情感，提醒孩子要珍惜自己所擁有的一切。事實上，在我們身邊就有許多「珍惜」的例子，例如：花草因為珍惜每一寸土地、每一分陽光才能繁盛亮麗的綻放。當然「珍惜」不僅限於物品，珍惜時間、珍惜生命、珍惜家人、珍惜朋友、珍惜身邊的一景一物，提醒孩子即便是小小的一滴水、一粒米，都是必須好好珍惜的。,,,http://mod.cht.com.tw/video/drama-details.php?id=274515,http://mod.cht.com.tw/img/iappic/274515.jpg,2017-10-06 21:55:42
卡通199-兒童,超級總動員S12,2018-06-28,卡通199/兒童節目/超級總動員S12 ,有才藝卻苦惱沒地方表現嗎? 你有高超舞技嗎?還是你的記憶力超強或者你有著和人與眾不同的強項，『超級總動員』設計了一個能夠盡情發揮才藝的舞台！ 不論是什麼特殊才藝，只要你敢秀！都歡迎你來挑戰！,"鐘欣凌,郭彥均",,http://mod.cht.com.tw/video/drama-details.php?id=448814,http://mod.cht.com.tw/img/iappic/448814.jpg,2017-10-06 21:55:42
卡通199-兒童,坦克王,2018-06-28,卡通199/7+推薦/坦克王 卡通199/本週上架 ,第1集【達克城的最後戰役】，邪惡波特里斯兵團的總統－黑魔王，打算征服波特里斯世界，除了組織軍隊之外更積極建設巴別塔，甚至還俘虜無辜的市民作為建設的材料使用，而代表著正義波特里斯騎士的衝動王、萬人迷和滅飛兄弟，則是誓言打敗黑魔王，讓波特里斯世界重回自由與和平的抱懷中，於是一場正邪對立的戰鬥就此展開…,"黑魔王,衝動王,由馬",,http://mod.cht.com.tw/video/drama-details.php?id=460750,http://mod.cht.com.tw/img/iappic/460750.jpg,2017-10-06 21:55:42
卡通199-兒童,YOYO點點名S15,2018-06-28,卡通199/兒童節目/YOYO點點名S15 ,將生活中遇到有趣的新鮮事物用活潑的方式表演呈現，故事將會設定主題教導小朋友生活常規與知識，同時結合一首點點名歌曲，現場也會安排小朋友一起參與戲劇的互動以及唱歌跳舞，讓小朋友在歡樂中學習知識與培養好的生活習慣。,"東森YOYO家族哥哥,姐姐",,http://mod.cht.com.tw/video/drama-details.php?id=446282,http://mod.cht.com.tw/img/iappic/446282.jpg,2017-10-06 21:55:42
卡通199-兒童,假面騎士Fourze,2017-12-28,卡通199/特攝英雄/假面騎士Fourze ,第1話【青・春・變・身】轉學到天之川學園高中的如月弦太朗，在新學校他遇到了國小同學城島悠希、冷淡的歌星賢吾，目標是要跟全校的人都成為朋友的他，卻不小心惹火了學校的國王跟女王，更倒楣的是，他竟然在學校遇到了怪物……！？,"如月弦太朗,城島悠希,歌星賢吾,風城美羽",,http://mod.cht.com.tw/video/drama-details.php?id=437571,http://mod.cht.com.tw/img/iappic/437571.jpg,2017-10-06 21:55:42
卡通199-兒童,北海小英雄,2017-12-28,卡通199/卡通明星/北海小英雄 ,在冰山附近休息的哈瓦一行人，突然看見海上飄來一塊浮冰，哈瓦竟然被冰在裡面。小威等人急忙想救出哈瓦，此刻哈瓦現身，才發現原來被困在冰塊裡的人，是哈瓦消失多年的祖父毆拉。,小威,,http://mod.cht.com.tw/video/drama-details.php?id=459642,http://mod.cht.com.tw/img/iappic/459642.jpg,2017-10-06 21:55:42
卡通199-兒童,戴帽子的貓,2020-12-31,卡通199/精選兒童/戴帽子的貓 ,故事是從一罐蜂蜜開始的，早餐時間，尼克發現沒有蜂蜜了，所以他決定自己動手做，但要做蜂蜜之前得先知道製作方法，就在尼克與莎麗傷腦筋的時候，戴帽子的貓出現了！這隻貓施展了魔法，將尼克和莎麗帶到蜜蜂的巢穴，讓他們看到蜂蜜製作的過程。從此，尼克和莎麗就會跟著戴帽子的貓到世界各個角落冒險。,,,http://mod.cht.com.tw/video/drama-details.php?id=433091,http://mod.cht.com.tw/img/iappic/433091.jpg,2017-10-06 21:55:42
卡通199-兒童,黑海盜傳奇,2017-12-28,卡通199/7+推薦/黑海盜傳奇 ,黑海盜們在卡爾莫與范蒂勒斯的帶領下，闖入馬拉開波，他們希望取回被絞死的紅海盜屍體，替他風光海葬。卡爾莫、莫可和黑海盜在一隻躲避掠食者的小猴子陪伴下，抵達當地的小酒館。在裡面，當地的居民正在嘲笑剛被絞死的人，為他們的死感到欣喜…和我們一起看看故事會怎麼發展吧！,,,http://mod.cht.com.tw/video/drama-details.php?id=437744,http://mod.cht.com.tw/img/iappic/437744.jpg,2017-10-06 21:55:42
卡通199-兒童,MOMO玩玩樂S5,2017-12-27,卡通199/兒童節目/MOMO玩玩樂S5 卡通199/本週上架 ,針對三到四歲的孩子，著重他們好奇心的探索、生活常規的建立、遊戲創意的發揮、語彙表達的練習、音樂舞蹈的律動、親子肢體的互動。,"檸檬哥哥,優格姐姐",,http://mod.cht.com.tw/video/drama-details.php?id=463376,http://mod.cht.com.tw/img/iappic/463376.jpg,2017-10-06 21:55:42
卡通199-兒童,魔鬼與海盜,2017-12-28,卡通199/7+推薦/魔鬼與海盜 ,開始尋寶囉！一同和我們出海尋找梭子魚船長他那傳說中的寶物吧。踏上魔幻海域的奇幻旅程，友誼與勇氣將戰勝一切。,,,http://mod.cht.com.tw/video/drama-details.php?id=437727,http://mod.cht.com.tw/img/iappic/437727.jpg,2017-10-06 21:55:42
卡通199-兒童,偶像學園S4,2017-12-28,卡通199/夢幻少女/偶像學園S4 ,第23話【想實現的未來】，看到珠璃和莉紗全力以赴展現自己的實力後，乃乃和小凜以及小圓重新上緊發條，誓言拿下女王寶座。而心音和小雅也特地從關西跑來觀賞比賽，想為大家加油打氣。第二天的比賽正式開始了！,"下地紫野,和久井優,石川由依",,http://mod.cht.com.tw/video/drama-details.php?id=460772,http://mod.cht.com.tw/img/iappic/460772.jpg,2017-10-06 21:55:42
卡通199-兒童,文學經典,2017-12-28,卡通199/世界名著/文學經典 ,很久很久以前，一貧如洗的兩兄妹，遇到了可憐的老太婆。老太婆為了孫女的怪病，懇求兩兄妹找到代表幸福的青鳥，才可以治好孫女。就在哥哥半信半疑之際，老太婆給哥哥寶石徽章，轉動寶石徽章居然召喚了光精靈、水精靈和火精靈。究竟兩兄妹能否在精靈的陪伴之下，找到幸福的青鳥呢？,,,http://mod.cht.com.tw/video/drama-details.php?id=278957,http://mod.cht.com.tw/img/iappic/278957.jpg,2017-10-06 21:55:42
卡通199-兒童,戰隊系列B,2017-12-28,卡通199/特攝英雄/戰隊系列B ,因為一顆稀世珍物—紅色寶玉，讓強等激氣連者與真墨等冒險者碰頭了。據說將這寶玉與另一顆青色寶玉同時放入在南美的古代遺跡，就能得到究極之力的某種秘寶。而青色寶玉的所在地正是…臨獸殿！因為這兩顆與宇宙拳法有關的秘寶，激氣連者、冒險者、臨獸殿彼此糾結，並演出了一場WAKIWAKI的冒險大活劇！,"鈴木裕樹,福井未菜,三浦力",,http://mod.cht.com.tw/video/drama-details.php?id=216788,http://mod.cht.com.tw/img/iappic/216788.jpg,2017-10-06 21:55:42
卡通199-兒童,愛探險的朵拉4,2017-12-28,卡通199/7+推薦/愛探險的朵拉4 ,描述朵拉跟她的猴子好朋友布茨，背包和其他動物的故事，鼓勵學齡前兒童在邊玩邊互動的型式一同冒險。每集節目會有明確的設定，由朵拉邀請小朋友和她一起展開探險，循著地圖途經各點都會有待解決的任務，最後會以「我們做到了」的文字與舞蹈一同歡慶任務完成。朵拉為了要到達目的地，過程中需要解決謎語、語文或是算數問題。,"朵拉,布茨,搗蛋鬼,地圖和背包",,http://mod.cht.com.tw/video/drama-details.php?id=353908,http://mod.cht.com.tw/img/iappic/353908.jpg,2017-10-06 21:55:42
卡通199-兒童,假面騎士OOO,2017-12-28,卡通199/特攝英雄/假面騎士OOO ,鳥類的幹部怪人因意外藉助使用瀕死狀態的泉刑警身體出現，與主角合作令其成為假面騎士OOO。主角是名沒夢想，沒工作，也沒家庭的男人，隨著戰鬥才漸漸對於活著這件事情有了確實的體會。而變身所使用的代幣是作為本身能量來源的存在，沉睡的怪人因為醒來後發現作為自己身體能量源的代幣不足，因此開始追尋代幣。怪人的終極目的，是希望搜集齊所有的代幣進行完全復活，成為萬物之「王」…第1話【硬幣‧內褲‧ 謎之手臂】,"渡部秀,岩永洋昭",,http://mod.cht.com.tw/video/drama-details.php?id=445445,http://mod.cht.com.tw/img/iappic/445445.jpg,2017-10-06 21:55:42
卡通199-兒童,汪汪隊立大功S1,2017-12-28,卡通199/2+推薦/汪汪隊立大功S1 ,針對學齡前孩童，以電腦繪製的動作冒險系列動畫。由汪汪隊的英勇小狗擔綱演出：雀斯、馬修、洛基、祖瑪、勞伯、史凱，以及他們的總指揮—十歲的小男孩萊德。結合解決問題的技巧及畫風精巧酷炫的巡邏車，任何救援任務都難不倒可愛又幽默汪汪隊守護冒險灣的決心！,,,http://mod.cht.com.tw/video/drama-details.php?id=421890,http://mod.cht.com.tw/img/iappic/421890.jpg,2017-10-06 21:55:42
卡通199-兒童,YOYO嘻遊記S12,2018-06-28,卡通199/兒童節目/YOYO嘻遊記S12 ,全新探索美食、旅遊的節目。為小朋友提供好玩、好吃的風景介紹，以親子同遊的角度規劃，以及經由各地方的人士所提供的獨家玩法，讓父母親們對於假日親子同遊有一個最具體的行程規劃。,"東森YOYO家族哥哥,姐姐",,http://mod.cht.com.tw/video/drama-details.php?id=381907,http://mod.cht.com.tw/img/iappic/381907.jpg,2017-10-06 21:55:42
卡通199-兒童,哆啦A夢HD,2018-12-27,卡通199/卡通明星/哆啦A夢HD ,第53集【三態丸】，炎炎夏日，吃冰淇淋也還是很熱，回到家裡大雄居然發現哆啦A夢變扁了！原來，他用道具讓自己變成液態，才能舒服地睡覺..,"哆啦A夢,大雄,靜香,胖虎,小夫",,http://mod.cht.com.tw/video/drama-details.php?id=437643,http://mod.cht.com.tw/img/iappic/437643.jpg,2017-10-06 21:55:42
卡通199-兒童,水果冰淇淋,2017-12-28,卡通199/兒童節目/水果冰淇淋 ,1828《說實話》淇淇今天看到做好的積木房子被弄壞很不開心，下定決心想要找出弄壞積木房子的人，甚至還跑去跟機器人書店借了一本〈誠實小木偶〉的書，可是書裡的小木偶卻一直問個不停，讓淇淇覺得很頭痛呢！,"水果奶奶,淇淇,琳琳",,http://mod.cht.com.tw/video/drama-details.php?id=460714,http://mod.cht.com.tw/img/iappic/460714.jpg,2017-10-06 21:55:42
卡通199-兒童,凱特與米米兔,2018-05-31,卡通199/精選兒童/凱特與米米兔 ,第1集【瘋狂大賽車】，凱特和爸爸製作了要在自製賽道上比賽的賽車。在米米世界中，凱特、米米兔和朋友們都駕駛著各自的賽車進行比賽。大家都想贏得比賽，但只有米米兔在比賽前對自己的賽車進行了測試，而他的謹慎舉動也救了朋友們!,"凱特,米米兔,莉莉",,http://mod.cht.com.tw/video/drama-details.php?id=273806,http://mod.cht.com.tw/img/iappic/273806.jpg,2017-10-06 21:55:42
卡通199-兒童,新蠟筆小新S2,2017-12-28,卡通199/卡通明星/新蠟筆小新S2 ,第703話【地板下的秘密哦/重複了哦/買吸塵器哦】孩子們在幼稚園玩躲貓貓，小新和風間意外發現牆上有個小洞，爬進去才發現是通往老師辦公室的地板下。他們聽到吉永老師和松坂老師正在談論一個幸運物品的事情…一早在幼稚園交通車上，妮妮秀出新的便當袋給大家看，想不到竟然正男也帶了同樣的便當袋，這讓妮妮非常生氣。因此一整天大家都擔心正男又做了什麼跟她重複的事情惹她生氣，所以就很小心地注意著，結果卻變得更糟糕…家裡的吸塵器壞掉了，小新一家人來到電器行選購新的吸塵器，看到琳瑯滿目的吸塵器反而不知該選哪個好。這時來了一個男店,"蔣篤慧,王瑞芹,于正昇",,http://mod.cht.com.tw/video/drama-details.php?id=443610,http://mod.cht.com.tw/img/iappic/443610.jpg,2017-10-06 21:55:42
卡通199-兒童,魔法咪路咪路,2017-12-28,卡通199/卡通明星/魔法咪路咪路 ,"第1集 【章魚頭的大冒險開始了】突然出現在咪路被窩裡面的機器人章魚師, 原來是不斷在追尋傳說水晶的冒險家, 這次牠得知傳說的水晶在人類界, 於是決定要將收集水晶的權利讓渡給牠在人類界遇到的第一位人類, 也就是小楓和咪路…","咪路,南楓",,http://mod.cht.com.tw/video/drama-details.php?id=445791,http://mod.cht.com.tw/img/iappic/445791.jpg,2017-10-06 21:55:42
卡通199-兒童,天際戰騎,2019-11-30,卡通199/精選兒童/天際戰騎 ,第1集 宇宙中，青龍駕駛著核心空間站正在追趕畸咕的邪惡圓盤。沙巴拉斯警長命令青龍必須抓捕畸咕，不能讓他逃到有生命的星球。畸咕製造陷阱使核心空間站被地球引力吸引慢慢墜向地球。艾爾弗瑞登場，操作著遙控直升機發射玩具導彈擊落了作為靶子的易開罐。艾爾弗瑞的妹妹雅可弗瑞操縱著直升機撞到了青龍。艾爾弗瑞收留了昏迷的青龍。青龍向艾爾弗瑞講述了他的任務和掉落到地球的原因。同時，畸咕也到了地球。發現了地球有豐富物種的他決定要改造這些物種，所以在一個廢棄的鋼鐵廠建立了自己的基地。,,,http://mod.cht.com.tw/video/drama-details.php?id=413234,http://mod.cht.com.tw/img/iappic/413234.jpg,2017-10-06 21:55:42
卡通199-兒童,舞力四射,2018-06-28,卡通199/7+推薦/舞力四射 卡通199/本週上架 ,第1集《命運的律動 兩人的相遇》飛龍跳越是個熱愛跳舞的國中生。他很崇拜世界級頂尖舞者傑．爾，每天都一個人躲到秘密練習場埋頭練舞。某天，他看到影音網站上引起討論的「節奏」跳的舞，徹底被迷住。在一如往常練習的時候，他發現同樣在玻璃窗另一邊跳舞的女孩．音咲花音…察覺花音就是「節奏」的跳越，提議要兩人一起組團。,"飛龍跳越,音咲花音,坂上雲之助,真誠瑞希,天寶院讓,大師T,傑．爾",,http://mod.cht.com.tw/video/drama-details.php?id=460704,http://mod.cht.com.tw/img/iappic/460704.jpg,2017-10-06 21:55:42
卡通199-兒童,小蜜蜂瑪雅,2017-12-28,卡通199/卡通明星/小蜜蜂瑪雅 ,威利試吃了很多花粉，卻還是找不到特別的花粉可以讓工蜂獻給女王，所以他拜託瑪雅幫忙找，沒想到瑪雅吃錯花粉病倒了，斑斑為了治好他，找來糞便混合花粉當特效藥，卻陰錯陽差的被威利拿去獻給女王…＃77 驚人的大餐/＃78 給瑪雅的驚喜,瑪雅,,http://mod.cht.com.tw/video/drama-details.php?id=459926,http://mod.cht.com.tw/img/iappic/459926.jpg,2017-10-06 21:55:42
卡通199-兒童,飛龍騎士隊,2017-12-28,卡通199/精選兒童/飛龍騎士隊 ,一場天然浩劫摧毀地球後，倖存的人類打造了一座飛行城市。「空中之城」便是人類重新開始的唯一希望。不過，殘暴的變種戰士—「恐怖之翼」，宣稱自己是垂死星球以及飛龍族的唯一統治者。和平與生存之戰就此展開…,,,http://mod.cht.com.tw/video/drama-details.php?id=461346,http://mod.cht.com.tw/img/iappic/461346.jpg,2017-10-06 21:55:42
卡通199-兒童,逗逗迪迪愛探險,2018-06-28,卡通199/2+推薦/逗逗迪迪愛探險 ,第01集-和Panda一起野餐迪迪和逗逗收到熊貓Panda的來信，邀請他們一起舉辦野餐派對，希望他們能夠帶上牛奶，蛋糕和蘋果。可是迪迪和逗逗要到哪兒獲得這些食物呢？,,,http://mod.cht.com.tw/video/drama-details.php?id=456204,http://mod.cht.com.tw/img/iappic/456204.jpg,2017-10-06 21:55:42
卡通199-兒童,TAYO小巴士S3,2017-12-28,卡通199/2+推薦/TAYO小巴士S3 ,主角Tayo是一輛剛開始在一個繁忙城市學習自己駕駛路線的小巴士，而節目就讓大家體驗小巴士的刺激旅程！小巴士將與交遊廣闊的綠巴士小吉及精靈活潑的黃巴士妮妮等色彩繽紛紛的主角一起，透過 Tayo 的日常體驗，帶出具教育意義的資訊。,"TAYO,妮妮,小吉,瑞瑞",,http://mod.cht.com.tw/video/drama-details.php?id=452066,http://mod.cht.com.tw/img/iappic/452066.jpg,2017-10-06 21:55:42
卡通199-兒童,忍者亂太郎P22,2018-07-26,卡通199/卡通明星/忍者亂太郎P22 ,第1集【旅籠屋的決鬥之段】，製刀師六道十衛門希望戶部老師看他打造的名刀，於是跟金吾前去拜訪他。很晚才回忍術學園的兩人，心想隔天忍術學園休假，便決定前往旅籠屋住宿。這時候有奇怪的人影跟在兩人後面…,"豬名寺亂太郎,攝津的霧丸,福富新兵衛,土井半助,山田傳藏",,http://mod.cht.com.tw/video/drama-details.php?id=443567,http://mod.cht.com.tw/img/iappic/443567.jpg,2017-10-06 21:55:42
卡通199-兒童,觀測站少年,2017-12-28,卡通199/7+推薦/觀測站少年 ,「用孩子的眼，看見地球的傷！不僅教育下一代，也提醒大人，重視眼前環境問題！」(中國時報)。本片是由動畫導演邱立偉，繼探討自然環保的「小貓巴克里」後，推出中外媒體一致好評的科幻動畫片。故事詼諧緊湊，更與多位地球科學專家們攜手合作，以確保傳遞精準正確的教育訊息。第1話【預知天氣的少年】。,"傑米,偉倫,梅西,JP",,http://mod.cht.com.tw/video/drama-details.php?id=440919,http://mod.cht.com.tw/img/iappic/440919.jpg,2017-10-06 21:55:42
卡通199-兒童,大長今II,2017-12-28,卡通199/世界名著/大長今II ,第1集《新的開始》要冊封新的皇后娘娘了，新的加冕禮讓御膳廚房忙得不可開交，但是因為令路的粗心讓長今一個人不能去參加觀禮，還得打掃御膳廚房。中宗一直對廢后念念不忘，命閔政浩轉達物品，閔政浩托一直送食材給廢后的韓尚宮，不料因為有新的皇后娘娘，最高尚宮不準韓尚宮親自送，正巧被長今聽到，重責大任於是交給長今，崔尚宮從黑衣人得知此事，攔長今問話…,"徐長今,李連生,盧昌伊,崔今英,閔政浩,中宗,崔尚宮,韓尚宮,尹令路",,http://mod.cht.com.tw/video/drama-details.php?id=363683,http://mod.cht.com.tw/img/iappic/363683.jpg,2017-10-06 21:55:42
卡通199-兒童,變身公主,2017-12-28,卡通199/夢幻少女/變身公主 卡通199/卡通明星/變身公主 ,童語王國正面臨毀滅危機，女王下令魔法寵物到人間去尋找公主，以蒐集更多的幸福之星來拯救童話王國。來到人間的魔法寵物們，在人氣偶像Wish的演唱會找到了綾晴、名月、蕾拉三位小女孩，她們有能力成為拯救童話王國的變身公主嗎？而人氣偶像Wish和童話王國的克里斯王子，兩者之間究竟有什麼關聯呢？,"綾晴,蕾拉,名月,Wish",,http://mod.cht.com.tw/video/drama-details.php?id=389588,http://mod.cht.com.tw/img/iappic/389588.jpg,2017-10-06 21:55:42
卡通199-兒童,機甲戰龍,2017-12-28,卡通199/精選兒童/機甲戰龍 ,慵懶的夏天裡，湯姆和他三位同學找到一個奇怪的棋盤遊戲。他們並不知道的是，每當他們擲一次骰子，就等於打開了一道通往過去的門，進入一個變成恐龍的次元！有塊名為「冰石」的石頭連結著地球與恐龍的世界。當孩子們在地球過著自己的生活時，邪惡的尼西隆正在破壞恐龍世界！棋盤遊戲將會警告他們立刻行動，拯救人類與恐龍。,,,http://mod.cht.com.tw/video/drama-details.php?id=417892,http://mod.cht.com.tw/img/iappic/417892.jpg,2017-10-06 21:55:42
卡通199-兒童,天使少女組2,2017-12-28,卡通199/夢幻少女/天使少女組2 ,延續第一季，一群住在安奇鎮的年輕天使們，期待著畢業後能成為100%的守護天使。而她們的最終考驗是到地球上的黃金學院，指引並保護青少年們。但是天使團隊的任務將充滿驚險刺激的冒險，不過她們最大的挑戰是一群年輕惡魔的阻擋。天使與惡魔之間精彩的冒險與挑戰，也會帶來無止盡的歡笑與燦爛的火花！,,,http://mod.cht.com.tw/video/drama-details.php?id=427738,http://mod.cht.com.tw/img/iappic/427738.jpg,2017-10-06 21:55:42
卡通199-兒童,豬豬俠10,2020-08-27,卡通199/精選兒童/豬豬俠10 ,第1集【美夢不成真】，豬豬俠為成為五靈衛而前往鎮上的訓練館，遭到訓練館館長超人強毫不留情的拒絕。在回家途中，鎮子遭到鐵魔將的襲擊。鐵魔將烈炎和鐵魔將霜拳在鎮上大肆破壞，驚慌的居民四散奔逃。超人強和波比變身五靈衛前去應戰，但因身手生疏落入下風。第2集【魔龍王降世】，老爺車在行駛過程中與喬伊合體變身為五靈衛，喬伊的變身形象竟是曾拯救童話王國的傳奇英雄。喬伊遭到魔龍王偷襲，想到豬豬俠和鎮上的居民將要面臨滅頂之災，喬伊毅然決定犧牲自我，他以生命為代價張設起強力的守護結界，將敵人震出了鎮外，喬伊的身體石化，豬豬俠被,,,http://mod.cht.com.tw/video/drama-details.php?id=422659,http://mod.cht.com.tw/img/iappic/422659.jpg,2017-10-06 21:55:42
卡通199-兒童,出發吧！迪亞哥3,2017-12-28,卡通199/7+推薦/出發吧！迪亞哥3 ,迪亞哥在各集節目會介紹一種動物特性與彼此的相似性，對於賴以維生的環境需求等。同時也透過節目揭露動物的重要生理特徵，以及對於生態環境的適應。讓迪亞哥帶著觀眾一起運用生態資源與科學方法，認識並記錄各種的動物特徵。,"迪亞哥,艾莉雅,朵拉和小動物們",,http://mod.cht.com.tw/video/drama-details.php?id=367075,http://mod.cht.com.tw/img/iappic/367075.jpg,2017-10-06 21:55:42
卡通199-兒童,嗚咪123第2季,2017-12-28,卡通199/卡通明星/嗚咪123第2季 ,嗚咪123的故事，是米立、傑歐和小機器人用數學知識解決數數城問題的歷險！讓小寶貝和這些小英雄們一起解決無所不在的數學問題，並瞭解到數學在生活中的重要性，不僅能提高對於數學的興趣，更能夠讓小寶貝享受學習數學的樂趣。,"米立,傑歐和小機器人",,http://mod.cht.com.tw/video/drama-details.php?id=383328,http://mod.cht.com.tw/img/iappic/383328.jpg,2017-10-06 21:55:42
卡通199-兒童,新蠟筆小新S1,2017-12-28,卡通199/卡通明星/新蠟筆小新S1 ,"第26話【消費稅要調漲了/偶像學長來了哦/好想吃巧克比冰哦】小新聽了風間他們討論消費稅要調漲的事情,雖然一知半解還是回家跟美冴說,讓美冴也興起了要預先買東西起來囤積的念頭。可是食物有期限的問題,小轎車也可能有配套的促銷活動,想來想去都沒什麼東西可買…幼稚園來了一個哥哥,說是松坂老師從前的學生,他跟父母親長年住在國外,難得回日本就趕緊來探望松坂老師。妮妮一看到這位學長就著了迷,偷偷想說要嫁給他,連扮家家酒都不想玩了…小新想吃新上市的巧克比冰,可是到處都買不到,原本想在家裡輕鬆度過假日的廣志,卻因此激起鬥志,","小新,小葵,美冴,廣志",,http://mod.cht.com.tw/video/drama-details.php?id=412192,http://mod.cht.com.tw/img/iappic/412192.jpg,2017-10-06 21:55:42
卡通199-兒童,忙碌鎮的神秘事件,2018-12-27,卡通199/7+推薦/忙碌鎮的神秘事件 ,憑空消失的黃瓜車！找不到主人的鸚鵡！循著線索，找出問題的答案！忙碌鎮住著許多忙碌的人，有的忙著送信、有的忙著蓋房子、有的忙著修馬路，也有人忙著救火、做麵包！在忙碌鎮上，每天都有小小的意外發生，但是別擔心！當意外發生時，哈克和他的夥伴們就會大展身手，循著各種線索，一步一步找出問題的答案！,,,http://mod.cht.com.tw/video/drama-details.php?id=395847,http://mod.cht.com.tw/img/iappic/395847.jpg,2017-10-06 21:55:42
卡通199-兒童,卡滋幫,2017-12-28,卡通199/7+推薦/卡滋幫 ,黑暗使者正再次擬定抓卡滋計畫，黑黑石卻傳來要他終止計畫的指令！黑暗使者突然失去生活重心，卡滋也覺得渾身不對勁。這時捲竹村竟出現新的卡滋獵人，黑暗使者只好不斷保護卡滋逃離獵人魔爪，因為……只有他才能抓卡滋！,卡滋幫與黑暗使者,,http://mod.cht.com.tw/video/drama-details.php?id=426554,http://mod.cht.com.tw/img/iappic/426554.jpg,2017-10-06 21:55:42
卡通199-兒童,原來如此,2018-06-28,卡通199/兒童節目/原來如此 ,"第1話【美食秘笈】，原來如此節目，將以三分鐘短劇的形式,介紹台灣美食的由來，並透過相聲藝術的包裝串場，將四則美食短劇，結合起來。用相聲的對白以幽默、詼諧又帶有教育意義的方式呈現給觀眾朋友。除了帶給小朋友們台灣美食傳承的故事之外，更希望透過相聲藝術傳達一些道地的表演概念，甚至在收看節目的過程中，讓小朋友主動發問，進而產生親子間的互動，以達到寓教於樂的效果。",,,http://mod.cht.com.tw/video/drama-details.php?id=451668,http://mod.cht.com.tw/img/iappic/451668.jpg,2017-10-06 21:55:42
卡通199-兒童,119特警隊,2017-11-30,卡通199/特攝英雄/119特警隊 ,邪惡組識Neo Thera企圖將世界推向滅亡，引發各種超越人類常識的災害。世界消防廳挑選出五名精銳的隊員，成立119特警隊，期待已久的人趕快來看看，一起拯救世界吧！,"轟輝,陣雷響助,石黒 鋭二",,http://mod.cht.com.tw/video/drama-details.php?id=252116,http://mod.cht.com.tw/img/iappic/252116.jpg,2017-10-06 21:55:42
卡通199-兒童,星際救援艾莉莎,2020-09-30,卡通199/精選兒童/星際救援艾莉莎 ,01. 最後的綠寶族之謎艾莉莎的父親薩拉查教授，從遙遠的真理星球帶回一隻綠寶族：而這個神祕的生物，還能夠預知未來！就在毫無預警的情況下，薩拉查教授的同事吉利安博士竟強行將綠寶族帶走！艾莉莎和她的朋友們，將為了這隻可愛的小傢伙，進行一場救援之旅！,,,http://mod.cht.com.tw/video/drama-details.php?id=433133,http://mod.cht.com.tw/img/iappic/433133.jpg,2017-10-06 21:55:42
卡通199-兒童,元氣媽媽,2017-12-28,卡通199/卡通明星/元氣媽媽 ,一個不平常的家庭發生的一堆日常生活中可以見到的狀況，身為漫畫家的元氣媽媽因為一時手癢，還自己陷入了無法脫身的聯絡簿螞蟻地獄。,"媽媽,文治,富美,爸爸,外婆,早期教育精靈",,http://mod.cht.com.tw/video/drama-details.php?id=427644,http://mod.cht.com.tw/img/iappic/427644.jpg,2017-10-06 21:55:42
卡通199-兒童,學習島玩科學,2017-12-28,卡通199/7+推薦/學習島玩科學 ,The way things work是一本著名的科普童書，法國ZED電視台根據書的內容製作了動畫片，以一隻長毛象與小島上的居民在日常生活工作中遇到的各類科研主題為背景，講解相關知識的原理。本節目情節生動有趣，而且具體演示各種機械原理，是一部備受好評的科普動畫片。,,,http://mod.cht.com.tw/video/drama-details.php?id=273950,http://mod.cht.com.tw/img/iappic/273950.jpg,2017-10-06 21:55:42
卡通199-兒童,神奇寶貝XY,2017-12-28,卡通199/卡通明星/神奇寶貝XY ,第89集 【聯手對戰是友誼對戰！伊布首次參賽！！】，為了取得第七個徽章跟挑戰三冠衛星賽，小智等人在前往百刻市的途中和同樣要參加三冠衛星賽百刻大會的莎娜，以及來替她加油的瑅耶魯諾會合。在會合之後，莎莉娜也變得更有幹勁了。可是，莎莉娜心裡好像在煩惱些什麼。而莎莉娜的煩惱，似乎就來自她最近剛收服的那隻神奇寶貝……,,,http://mod.cht.com.tw/video/drama-details.php?id=461596,http://mod.cht.com.tw/img/iappic/461596.jpg,2017-10-06 21:55:42
卡通199-兒童,紅鼻子阿路S2,2018-09-27,卡通199/2+推薦/紅鼻子阿路S2 ,住在櫻桃樹的紅鼻子阿路、住在石頭裡的達魯，與住在舊壺中的卡魯遇到來自Starland的新朋友-機器人阿圖，隨著百合花律動歡聲歌唱的大家，將與機器人阿圖擦出什麼火花，又將會發生什麼有趣的冒險故事呢？,,,http://mod.cht.com.tw/video/drama-details.php?id=456188,http://mod.cht.com.tw/img/iappic/456188.jpg,2017-10-06 21:55:42
卡通199-兒童,好好玩自然S2,2018-06-28,卡通199/兒童節目/好好玩自然S2 ,最優質、充滿知識性、啟發好奇心的生態節目，由帥氣的柳丁哥哥與阿傑老師（熱血阿傑）、崇瑋老師（四海遊龍）帶大家一起好好玩自然。,柳丁哥哥,,http://mod.cht.com.tw/video/drama-details.php?id=422243,http://mod.cht.com.tw/img/iappic/422243.jpg,2017-10-06 21:55:42
卡通199-兒童,新蠟筆小新S3,2017-12-28,卡通199/卡通明星/新蠟筆小新S3 卡通199/本週上架 ,"第718話【警犬小白/小愛改變造形了/老爸躲起來了哦】小新看連續劇裡的警犬很厲害,就決定把小白訓練成為警察犬。美冴常發現襪子少一隻,就拜託小白找找看,小白果然用嗅覺很快找出掉在院子裡的襪子,讓小新和美冴都覺得牠果然有當警犬的天份…小愛看到小新喜歡娜娜子,決定要改變自己的造型來迎合小新的喜好。沒想到燙完頭髮覺得不好看,只好戴著黑磯準備的假髮去上幼稚園,可是假髮的尺寸太大不小心脫落,而且還被正男看到了…廣志回到家發現美冴去隔壁太太家串門子,決定躲起來,等美冴回來要嚇她。可是找來找去都沒有理想的藏身之處,不得已","蔣篤慧,王瑞芹,于正昇",,http://mod.cht.com.tw/video/drama-details.php?id=460773,http://mod.cht.com.tw/img/iappic/460773.jpg,2017-10-06 21:55:42
卡通199-兒童,麵包超人TV,2017-12-28,卡通199/卡通明星/麵包超人TV ,第1132話  A【紅精靈與魔法小孫女】魔法小孫女急著把剛摘到野菜送到奶奶家去，無奈卻在途中遇到大雨，不得已只好先跟紅精靈一起回細菌城裡躲雨…。B【黑玫瑰女王與膽小鬼】小河馬聽說幽靈城裡會有鬼出沒，於是提議大家一起去冒險。沒想到竟遇到細菌人和紅精靈假扮成鬼怪，意圖搶走小朋友們的點心…。,大神紅蓮,,http://mod.cht.com.tw/video/drama-details.php?id=453237,http://mod.cht.com.tw/img/iappic/453237.jpg,2017-10-06 21:55:42
卡通199-兒童,哈囉!小小運動家,2021-10-28,卡通199/7+推薦/哈囉!小小運動家 ,「哈囉！小小運動家！」讓我們歡迎…戴奧！超年輕的體育記者！他，無法預測、充滿活力，雖然有點笨，但只要有他在，就笑聲不斷！想了解運動，看他的節目就對了！不管是極限運動、水上運動、滑雪、田徑、滑板運動、單車運動、體操等，戴奧和他的運動員朋友們都會熱情、詳細的介紹，而學習一項新運動最重要的就是：保持愉快的學習精神。現在就讓我們跟著戴奧動起來吧！,,,http://mod.cht.com.tw/video/drama-details.php?id=428998,http://mod.cht.com.tw/img/iappic/428998.jpg,2017-10-06 21:55:42
卡通199-兒童,戰士哥米帝,2017-12-28,卡通199/精選兒童/戰士哥米帝 ,三千年前，戈爾姆島面臨史上最大危機：可怕的火山族領導人馬格爾的力量達到巔峰，他的怒火與火山的力量可能就此吞噬整個島上的戈爾姆人！只有大自然天王的無私戰鬥與強大力量能擊退馬格爾。天王選自大地族、天空族、海族與森林族，並受到神秘的老聖人指引。天王們知道只要他們的力量來源歷久彌堅，便能暫時壓制馬格爾。和平盛世就這樣持續了三千年…直到大地族王子亞格容在他帝國的城牆發現一道裂縫…,,,http://mod.cht.com.tw/video/drama-details.php?id=422164,http://mod.cht.com.tw/img/iappic/422164.jpg,2017-10-06 21:55:42
卡通199-兒童,魔鬼與海盜2,2017-12-28,卡通199/精選兒童/魔鬼與海盜2 ,透過海盜學院的小孩到們的探險，展現團隊合作、互助與和平相處的精神與重要性，海盜歷險尋寶的內容亦可增加兒童的想像力，節目製作品質良好、具創意及趣味性，適合10-12歲兒童觀看。,,,http://mod.cht.com.tw/video/drama-details.php?id=455448,http://mod.cht.com.tw/img/iappic/455448.jpg,2017-10-06 21:55:42
卡通199-兒童,薇琪與強尼,2017-12-28,卡通199/2+推薦/薇琪與強尼 ,由法國出品的默劇喜劇卡通，講述死對頭薇琪和強尼的生活笑鬧大小事…。第1集：瘋狂大掃除；第2集：擁擠的廁所；第3集：貪吃鬼波可；第4集：魚下巴；第5集：恐怖電影；第6集：失眠症；第7集：愛運動；第8集：自動販賣機；第9集：強尼法條；第10集：籃球；第11集：鼠亂；第12集：誘惑；第13集：丟銅板；第14集：抓昆蟲；第15集：高空彈跳,,,http://mod.cht.com.tw/video/drama-details.php?id=455434,http://mod.cht.com.tw/img/iappic/455434.jpg,2017-10-06 21:55:42
卡通199-兒童,朵拉和朋友們,2017-12-28,卡通199/7+推薦/朵拉和朋友們 卡通199/本週上架 ,朵拉搬家到一個漂亮的海濱市鎮，這個泛拉丁都會區叫做普拉亞佛德，朵拉開始了嶄新且忙碌的校園師活，也擁有許多好朋友—愛拉娜、艾瑪、奈亞、凱特及帕布羅，一起加入冒險的行列，在城市中快樂地學習和探索。這不是普通的城市，對街、公園或校園裡，有著通往神奇世界的門，處處充滿了驚喜和困難等著他們。一個古老的美麗手環、一個可信任的地圖城市，以及開朗、有趣又可愛的朋友們，朵拉邀請小朋友們一起加入他們面對挑戰！,"朵拉,愛拉娜,艾瑪,奈亞,凱特及帕布羅",,http://mod.cht.com.tw/video/drama-details.php?id=460733,http://mod.cht.com.tw/img/iappic/460733.jpg,2017-10-06 21:55:42
卡通199-兒童,鬥士斯巴達,2017-12-28,卡通199/精選兒童/鬥士斯巴達 ,《斯巴達克斯》這部動畫片敘述了一個宏偉的關於古羅馬格鬥士的故事。這些格鬥士每一個都具有強大的讓人難忘的特點。故事一開始，斯巴達克斯接受了不公平的審判，一個年輕的羅馬軍人被判奴役做格鬥士。但是，斯巴達克斯成為了領袖，成了反叛活動的首要人物。反叛活動由備受羅馬共和國稅官的獨裁壓迫的伙伴、農民和奴隸組成。,,,http://mod.cht.com.tw/video/drama-details.php?id=461353,http://mod.cht.com.tw/img/iappic/461353.jpg,2017-10-06 21:55:42
卡通199-兒童,彩虹小馬S6,2017-12-28,卡通199/夢幻少女/彩虹小馬S6 ,第1集【水晶洗禮，上集】，閃耀盔甲和卡丹絲公主的寶寶要誕生了，紫悅跟他的好友們要去參加寶寶的受洗典禮，順便安排他的學生星光閃耀上第一堂友誼的課，當他們抵達水晶帝國卻驚訝的發現，小寶寶居然是神駒，而且他的哭聲震碎了保護水晶帝國的水晶愛心，這下糟糕了，水晶帝國可能要被埋在冰雪下了…,"紫悅,斑馬可菈,珍奇,柔柔",,http://mod.cht.com.tw/video/drama-details.php?id=427652,http://mod.cht.com.tw/img/iappic/427652.jpg,2017-10-06 21:55:42
卡通199-兒童,Poli波力S1,2018-06-28,卡通199/車車精選/Poli波力S1 卡通199/2+推薦/Poli波力S1 ,第1話【布姆鎮的救援小隊】，布姆鎮是個和平可愛的小鎮，但總是難免發生意外，救援小隊成員必須各自發揮本事幫忙解決問題。第2話【校車哥哥的禮物】，喜歡小朋友的校車哥哥因為想送小朋友們一份禮物，而陷入危機，救援小隊能成功救出他們嗎？,"波力,安寶,羅伊,赫利",,http://mod.cht.com.tw/video/drama-details.php?id=245659,http://mod.cht.com.tw/img/iappic/245659.jpg,2017-10-06 21:55:42
卡通199-兒童,TOMICA多美交通世界,2018-06-28,卡通199/精選兒童/TOMICA多美交通世界 卡通199/車車精選/TOMICA多美交通世界 ,「親愛的我把玩具FUN大了！」由多美小汽車與鐵道王國所組成的巨大城市，佈滿高樓大廈、商店及加油站等，生動有趣如現實生活場景，讓大朋友跟著小朋友盡情探險，重溫兒時趣事！,"車東次郎,早織,巡警,碇署長,青井佑二",,http://mod.cht.com.tw/video/drama-details.php?id=238792,http://mod.cht.com.tw/img/iappic/238792.jpg,2017-10-06 21:55:42
卡通199-兒童,YOYO嘻遊記,2018-06-28,卡通199/兒童節目/YOYO嘻遊記 ,提到南投竹山，很多人一定都會先想到滿山遍野的竹林，但其實竹山可是擁有很多僅此一地，別無分號的獨特景致與創意美食喔~你看過水裡面的螢火蟲嗎？從樹頂看世界是什麼模樣？想知道地震是怎麼引起的？讓我們把地層剖開說給你聽。米香米香，米為什麼會變胖？當番薯遇上奶茶又會是什麼滋味？,YOYO哥哥姐姐,,http://mod.cht.com.tw/video/drama-details.php?id=258423,http://mod.cht.com.tw/img/iappic/258423.jpg,2017-10-06 21:55:42
卡通199-兒童,恰恰特快車S4,2017-12-28,卡通199/卡通明星/恰恰特快車S4 ,故事的舞台是一個叫「Chuggington」的小鎮，在這裡住著許多火車，他們和人類一起生活一起從事各種各樣的工作。主人公是住在這個小鎮上的小見習火車3人組，他們是威爾遜、可可和布魯斯特。故事描述了生活在Chuggington鎮的3人，在火車前輩的指導下經歷各種各樣的事情，一起歡笑難過，一起成長的過程，既讓人輕鬆愉悅，也不乏溫馨感動,"威爾遜,可可,布魯斯特",,http://mod.cht.com.tw/video/drama-details.php?id=412682,http://mod.cht.com.tw/img/iappic/412682.jpg,2017-10-06 21:55:42
卡通199-兒童,魔法精靈,2017-12-28,卡通199/2+推薦/魔法精靈 ,雙胞胎精靈姐妹亮亮和晶晶，與人類好友莉亞的魔法冒險。三人一起告訴學齡前兒童，每個失誤都是機會，能學會在下一次做得更好。,,,http://mod.cht.com.tw/video/drama-details.php?id=423233,http://mod.cht.com.tw/img/iappic/423233.jpg,2017-10-06 21:55:42
卡通199-兒童,剪刀石頭布S1,2017-12-27,卡通199/兒童節目/剪刀石頭布S1 卡通199/本週上架 ,跳脫傳統的美術、勞作，以多元素材、多種類型、並且把不同種類的技法結合再創作出新的DIY內容，讓孩子在新奇又好玩的DIY過程中，培養美感、訓練小肌肉、注意力、耐心…等，還可以讓觀察力變得更出色，越做越聰明。,"泡芙姐姐,牛奶哥哥",,http://mod.cht.com.tw/video/drama-details.php?id=463385,http://mod.cht.com.tw/img/iappic/463385.jpg,2017-10-06 21:55:42
卡通199-兒童,YOYO嘻遊記S13,2018-06-28,卡通199/兒童節目/YOYO嘻遊記S13 ,全新探索美食、旅遊的節目。為小朋友提供好玩、好吃的風景介紹，以親子同遊的角度規劃，以及經由各地方的人士所提供的獨家玩法，讓父母親們對於假日親子同遊有一個最具體的行程規劃。,"東森YOYO家族哥哥,姐姐",,http://mod.cht.com.tw/video/drama-details.php?id=451664,http://mod.cht.com.tw/img/iappic/451664.jpg,2017-10-06 21:55:42
卡通199-兒童,哈囉!梅西 S1,2018-06-28,卡通199/精選兒童/哈囉!梅西 S1 ,生活上的各種問題，梅西都會幫你一一解答喔！,梅西,,http://mod.cht.com.tw/video/drama-details.php?id=381442,http://mod.cht.com.tw/img/iappic/381442.jpg,2017-10-06 21:55:42
卡通199-兒童,萌學園4時空戰役,2020-02-27,卡通199/兒童節目/萌學園4時空戰役 ,力量強大的海地司進入反噬鏡，破壞時空封印的部分結界，不慎開啟時空裂縫！竄出的闇黑氣息連帶影響日月潮汐，夸克族即將滅亡？！萌學園人心惶惶學生們紛紛出走，長老會新派任的校長要如何重振萌學園，追查出隱藏在反噬鏡裡的秘密？,,,http://mod.cht.com.tw/video/drama-details.php?id=422570,http://mod.cht.com.tw/img/iappic/422570.jpg,2017-10-06 21:55:42
卡通199-兒童,生活裡的科學,2017-12-28,卡通199/兒童節目/生活裡的科學 ,教導孩子生活中常見現象的科學原理，讓兒童了解科學的意義，透過了解科學內容，將概念應用在人與自然之間的問題解決方式。,"王伯源,陳瑋薇 (主持人)",,http://mod.cht.com.tw/video/drama-details.php?id=429546,http://mod.cht.com.tw/img/iappic/429546.jpg,2017-10-06 21:55:42
卡通199-兒童,豬豬俠之變身戰隊,2019-09-27,卡通199/精選兒童/豬豬俠之變身戰隊 ,第1集《英雄！一分為五》，豬豬俠變成了五靈王之後迷失了自我，神秘人救了迷失心智的豬豬俠。研究社根據騎士長提供的資料，製造了轉換裝置，將菲菲恢復了原貌。神秘人又將四個新的五靈鎖交給了超人強等人，從此研究社的五人都獲得了變身的能力。第2集《鼠怪！實驗失敗的產物》，玫瑰公主一直想要把變成魔晶的哥哥恢復原樣，根據魔晶的指示，她也讓工匠製作了一個轉換裝置，但由於轉換裝置上的符文錯誤，導致實驗失敗，製造出了新的怪獸，給城市造成混亂，超人強，波比，菲菲聯手，拯救了城市。,,,http://mod.cht.com.tw/video/drama-details.php?id=455432,http://mod.cht.com.tw/img/iappic/455432.jpg,2017-10-06 21:55:42
卡通199-兒童,超級總動員S10,2018-04-26,卡通199/兒童節目/超級總動員S10 ,【汐止國小 VS三多國小】，1.超級快遞  2.頂尖對決 3.超級飛球 4.杯杯相扣 5.一拍即合 6.心手相連,"鍾欣凌,郭彥均",,http://mod.cht.com.tw/video/drama-details.php?id=437658,http://mod.cht.com.tw/img/iappic/437658.jpg,2017-10-06 21:55:42
卡通199-兒童,機甲戰龍2,2017-12-28,卡通199/精選兒童/機甲戰龍2 ,慵懶的夏天裡，湯姆和他三位同學找到一個奇怪的棋盤遊戲。他們並不知道的是，每當他們擲一次骰子，就等於打開了一道通往過去的門，進入一個變成恐龍的次元！有塊名為「冰石」的石頭連結著地球與恐龍的世界。當孩子們在地球過著自己的生活時，邪惡的尼西隆正在破壞恐龍世界！棋盤遊戲將會警告他們立刻行動，拯救救人類與恐龍。,,,http://mod.cht.com.tw/video/drama-details.php?id=412727,http://mod.cht.com.tw/img/iappic/412727.jpg,2017-10-06 21:55:42
卡通199-兒童,積木戰士,2017-12-28,卡通199/精選兒童/積木戰士 ,第1集 【勇者紅狼戰士現身!】，大神紅蓮因為爸爸工作的關係，搬來了貝哈姆市。來到陌生的環境和學校，讓紅蓮覺得有些不安。沒想到在學校第一天就認識了有趣的青嵐，兩個人很快就成了好朋友。青嵐帶他去一個新的購物中心，在一家骨董玩具店認識了懷特先生，懷特先生送給他們一個神奇的積木，就這樣展開了不可思議的旅程…,大神紅蓮,,http://mod.cht.com.tw/video/drama-details.php?id=427541,http://mod.cht.com.tw/img/iappic/427541.jpg,2017-10-06 21:55:42
卡通199-兒童,小貓巴克里,2017-12-28,卡通199/7+推薦/小貓巴克里 ,巴克里是一隻無憂無慮的城市貓，是城裡的混世魔王，生活過的很滋潤。直到某天陰錯陽差的被載到鄉下去，展開了一連串的歷險記！在開始感受到鄉村人情味，和寵物醫院王醫生的女兒阿芬變成好朋友的同時，村子裡卻開始發生一連串不尋常的事件。,"巴克里,阿芬",,http://mod.cht.com.tw/video/drama-details.php?id=439709,http://mod.cht.com.tw/img/iappic/439709.jpg,2017-10-06 21:55:42
卡通199-兒童,快樂星貓,2017-12-28,卡通199/卡通明星/快樂星貓 ,廣大浩瀚的宇宙中，除了人類居住的地球以外，還有許許多多不同的種族。主角─星貓，最崇拜的人是和自己同族的─大力貓。傳說中，大力貓和12星座的勇者，一起合力打敗了邪惡的壞蛋黑魔王，讓宇宙恢復和平。一日，星貓發現了一個秘密洞穴。因為他的調皮搗蛋，而把監禁在洞穴中的黑魔王給放出來造成天下大亂。黑魔王打傷了天神星的衛兵和大天神後逃到人類的世界，而闖禍的星貓則被罰要到地球把黑魔王給抓回來戴罪立功。,,,http://mod.cht.com.tw/video/drama-details.php?id=388015,http://mod.cht.com.tw/img/iappic/388015.jpg,2017-10-06 21:55:42
卡通199-兒童,Super Why S3,2018-08-30,卡通199/7+推薦/Super Why S3 ,故事發生在一個叫 故事書 的村莊裡，而這個村莊，就在一座兒童圖書館的書架後面！在這座村莊裡，住著圖書館裡那些故事書中的所有童話人物，比如你認識的小紅帽；三隻小豬；豌豆公主；傑克……。超級讀者隊將前進故事中，運用各自的能力，幫童話故事解決難題。利用神奇的力量，大家就可以飛到圖書裡面，去尋找可以解決他們遇到的各種各樣困難的辦法。,"偉德,小汪汪,小豬,蕾蕾,莎莎公主",,http://mod.cht.com.tw/video/drama-details.php?id=407035,http://mod.cht.com.tw/img/iappic/407035.jpg,2017-10-06 21:55:42
卡通199-兒童,咪咪羊上學趣,2018-06-28,卡通199/2+推薦/咪咪羊上學趣 ,咪咪羊要開始去上學囉，學校裡有好多同學，每天早上一起手腳並用動動腦、一起遊戲玩耍、一起用功學習，你也想跟他做朋友嗎?快跟著咪咪羊一起上學趣！,咪咪羊,,http://mod.cht.com.tw/video/drama-details.php?id=381300,http://mod.cht.com.tw/img/iappic/381300.jpg,2017-10-06 21:55:42
卡通199-兒童,大長今I,2017-12-28,卡通199/世界名著/大長今I ,【第1集 長今之夢】失去雙親寄住在德久家的長今，從小夢想就是能夠進宮當御膳房的宮女。這天她跟德久的兒子東兒在追捕家犬小旺旺時，不小心闖入正在辦喜宴的大官宅第，並把宴會用的麵條全打翻。為了彌補這過失，長今靈機一動回去拿了一桶玉米糊來製麵。 她製的麵雖然樣似蝌蚪，但口感極佳，結果這相貌不揚的蝌蚪麵卻很受到歡迎。甚至正巧駕臨的殿下吃了也讚不絕口。就在這樣的機緣下，長今獲得御膳房尚宮的推薦得以入宮應試。,"徐長今,李連生,盧昌伊,崔今英,閔政浩,中宗,崔尚宮",,http://mod.cht.com.tw/video/drama-details.php?id=358772,http://mod.cht.com.tw/img/iappic/358772.jpg,2017-10-06 21:55:42
卡通199-兒童,豬豬俠11,2020-10-26,卡通199/精選兒童/豬豬俠11 ,第1集【復活！善與惡】，雙子城，相傳那裡的秘境中有一片垂直的鏡湖，湖水可以複製出邪惡雙生子，光明與黑暗從那一刻起就註定了要互相對立，一直到打敗並吸收了對方為止！超人強和波比把化成石像的喬伊偷運到傳說中的禁地雙子城，他們用雙子湖神秘的力量讓黑暗喬伊復活了。第2集 【對立！光與暗】，雙子城裡，光明喬伊得知黑暗喬伊要攻打水晶城，於是戰略撤退，走前還把黑暗喬伊困在雙子城。超人強和波比要追，卻被黑暗喬伊叫住，他們即將開啟雙子城中時空傳送陣。喬伊告知豬豬俠危機即將來臨，豬豬俠與他的夥伴嚴陣以待。,,,http://mod.cht.com.tw/video/drama-details.php?id=438440,http://mod.cht.com.tw/img/iappic/438440.jpg,2017-10-06 21:55:42
卡通199-兒童,唐朝小栗子,2017-12-28,卡通199/兒童節目/唐朝小栗子 ,故事背景發生在中國唐朝的一個普通家庭及小兒子「小栗子」日常生活的故事。以借古喻今的方式，呈現現代小朋友所需的生活禮儀。將生活中的小故事，以有趣易懂的故事來呈現，蘊含慈濟人文精神，讓現代的孩子自然而然地去體悟自省，重拾中華傳統文化的美好。,,,http://mod.cht.com.tw/video/drama-details.php?id=439598,http://mod.cht.com.tw/img/iappic/439598.jpg,2017-10-06 21:55:42
卡通199-兒童,真珠美人魚,2018-06-28,卡通199/夢幻少女/真珠美人魚 ,第１集　「真珠的眼淚」人魚公主露亞，為了尋找當年為了救一名遇難男生而遺失的真珠，來到了人間界。在一個偶然的機會下遇到一個名叫海斗的沖浪男孩，露亞直覺海斗似乎就是當年救的男孩。直到海斗沖浪落海，受制於伊姿爾，才證實露亞的直覺正確，也因此找回昔日的真珠…。更令人驚訝的是露亞上學後認識的同學－波音，原來也是人魚公主…,"七海露亞,寶生波音,洞院莉娜,加琳香蓮,加琳諾葳爾,可可,沙羅,星羅,堂本海斗",,http://mod.cht.com.tw/video/drama-details.php?id=169459,http://mod.cht.com.tw/img/iappic/169459.jpg,2017-10-06 21:55:42
卡通199-兒童,PORORO第5季,2018-06-28,卡通199/卡通明星/PORORO第5季 ,在一個遙遠的地方，有個遠離人類被冰雪覆蓋的寧靜海島。海島的森林裡有個小村莊，裡面住著一群可愛的小動物。他們是好奇淘氣的小企鵝波露露（Pororo）、溫和的大北極熊波比、愛管閒事的小狐狸艾迪、膽小怕事的小海狸露比、友善的小企鵝妹妹貝蒂、逍遙自在的蜂鳥哈利和淘氣的小恐龍小龍。這些生活在一起的小動物有著不同的性格和愛好，因此時常也會在平靜的生活中發生一些誤會、爭吵或有趣的事。但是他們始終都是好朋友，懂得互相幫助，總能找到及時解決困難的辦法。,"勞勞,艾迪",,http://mod.cht.com.tw/video/drama-details.php?id=446264,http://mod.cht.com.tw/img/iappic/446264.jpg,2017-10-06 21:55:42
卡通199-兒童,Rainbow Ruby,2018-06-28,卡通199/7+推薦/Rainbow Ruby ,每當收到求助信號後，寶兒和她心愛的泰迪熊可可便開始為她們的奇幻之旅做準備，撐開彩虹傘換上彩虹雨衣，寶兒的小房間就會像魔法般變成了彩虹小鎮。寶兒帶上裡面裝滿魔法道具的彩虹旅行箱前往彩虹小鎮幫助她的好朋友們！,"寶兒,可可",,http://mod.cht.com.tw/video/drama-details.php?id=443573,http://mod.cht.com.tw/img/iappic/443573.jpg,2017-10-06 21:55:42
卡通199-兒童,小英的故事,2018-03-30,卡通199/世界名著/小英的故事 ,第1集【踏上旅程】，這天，小英與母親正在為漫長的旅途做著準備，過世的父親留下的遺言，要他們前往祖父所在的法國北部的馬羅克爾。小英打算繼承父親攝影師的工作，在旅途中賺取生活費。,"小英,瑪麗",,http://mod.cht.com.tw/video/drama-details.php?id=378434,http://mod.cht.com.tw/img/iappic/378434.jpg,2017-10-06 21:55:42
卡通199-兒童,泡泡孔雀魚2,2017-12-28,卡通199/7+推薦/泡泡孔雀魚2 ,這個幽默搞笑又搖滾反叛的互動節目，從暴龍到暴牙、從搖滾樂到環保月、從牛奶到牛仔，主題包羅萬象無所不教。透過廣泛的節目主題設定，以及多元具活力及啟發性的水族教室，讓學齡前小朋友們和節目裡茉莉、吉兒和她們的魚同學們，在音樂和歡笑裡學習科學、數學、文學，一起探索及認識世界。,"茉莉,吉兒",,http://mod.cht.com.tw/video/drama-details.php?id=357839,http://mod.cht.com.tw/img/iappic/357839.jpg,2017-10-06 21:55:42
卡通199-兒童,PAPA DOG,2019-02-28,卡通199/卡通明星/PAPA DOG ,欣欣是國小三年級的學生，出差去非洲一年的爸爸終於要回來了讓欣欣非常開心，爸爸在飛機上救了一位老人，老人送了一個雕像當作謝禮，爸爸在欣欣的學校不慎遺失了雕像，沒想到爸爸居然變成了一隻狗。欣欣想在家裡養狗把拔必須先經過媽媽的同意，媽媽拗不過欣欣的請求只好開出了三個條件，但是三個條件都失敗，狗把拔即將被送回鄉下的奶奶家，經過欣欣苦苦哀求，媽媽最後終於答應讓狗把拔留在家裡。,,,http://mod.cht.com.tw/video/drama-details.php?id=427715,http://mod.cht.com.tw/img/iappic/427715.jpg,2017-10-06 21:55:42
卡通199-兒童,超級總動員S9,2018-06-28,卡通199/兒童節目/超級總動員S9 ,有才藝卻苦惱沒地方表現嗎? 你有高超舞技嗎?還是你的記憶力超強或者你有著和人與眾不同的強項，『超級總動員』設計了一個能夠盡情發揮才藝的舞台！ 不論是什麼特殊才藝，只要你敢秀！都歡迎你來挑戰！,"鐘欣凌,郭彥均",,http://mod.cht.com.tw/video/drama-details.php?id=444374,http://mod.cht.com.tw/img/iappic/444374.jpg,2017-10-06 21:55:42
卡通199-兒童,Biklonz炫風騎士,2018-06-28,卡通199/精選兒童/Biklonz炫風騎士 卡通199/車車精選/Biklonz炫風騎士 ,異世界的威脅即將到來，想要保衛自己的星球、阻止邪惡的進擊，就需要『炫風騎士BIKLONZ』的力量！兄弟姊妹團結戰鬥吧！,,,http://mod.cht.com.tw/video/drama-details.php?id=448656,http://mod.cht.com.tw/img/iappic/448656.jpg,2017-10-06 21:55:42
卡通199-兒童,跟著食物去旅行,2018-06-28,卡通199/兒童節目/跟著食物去旅行 ,「跟著食物去旅行」是以兒童的視野走訪台灣農場、牧場、海產養殖場，讓大家了解餐桌上各種食材，從種植、養殖到成長的過程。節目邀請小朋友和ＹＯＹＯ家族藝人一起加入外景拍攝，體驗食材從種子或幼苗變成一桌的佳餚的感動過程。,"東森YOYO家族哥哥,姐姐",,http://mod.cht.com.tw/video/drama-details.php?id=448732,http://mod.cht.com.tw/img/iappic/448732.jpg,2017-10-06 21:55:42
卡通199-兒童,小象艾拉,2018-08-30,卡通199/2+推薦/小象艾拉 ,第1集【女生俱樂部】，艾拉不喜歡蓓琳達創造出 專屬女生 的俱樂部，並將佛朗奇排除在外，不過她最終也找到辦法讓大家玩在一起。,"艾拉蓓,琳達,佛朗奇",,http://mod.cht.com.tw/video/drama-details.php?id=422207,http://mod.cht.com.tw/img/iappic/422207.jpg,2017-10-06 21:55:42
卡通199-兒童,少年阿貝GO！GO！小芝麻,2017-12-28,卡通199/卡通明星/少年阿貝GO！GO！小芝麻 ,第31話【阿貝的生日】，爺爺要幫阿貝舉辦慶生會喔!太棒了!要邀請好多朋友來參加!!收到悠真跟間雄的禮物了!但佐田的禮物居然是生的魚!阿貝的慶生會節目很多喔!雙胞胎山本兄弟經過特訓過後的魔術表演總算要公開了?還有佩佩佩小姐主持的抽獎會喔!頭獎的獎品大家都嚇一條呢！第32話【我要去見菅生同學】，阿貝跟小芝麻終於來到菅生同學居住的國家。爺爺包了直航的飛機順便帶公司的員工去員工旅行喔!但是在去菅生家的路上在森林裡迷路了。另一方面，菅生為了一直等不到的阿貝衝出家門了!阿貝跟菅生能不能順利見到面呢？　,"阿貝,小芝麻",,http://mod.cht.com.tw/video/drama-details.php?id=424334,http://mod.cht.com.tw/img/iappic/424334.jpg,2017-10-06 21:55:42
卡通199-兒童,麗莎和卡斯柏,2017-12-28,卡通199/精選兒童/麗莎和卡斯柏 ,特別篇【麗莎的妹妹】麗莎跟卡斯柏在整理櫥櫃的時候，發現很久做得恐龍服，麗莎想起當初萊拉出生的時候所發生的事情…,"麗莎,卡斯柏",,http://mod.cht.com.tw/video/drama-details.php?id=421574,http://mod.cht.com.tw/img/iappic/421574.jpg,2017-10-06 21:55:42
卡通199-兒童,TAYO小巴士S1,2017-12-28,卡通199/2+推薦/TAYO小巴士S1 ,主角Tayo是一輛剛開始在一個繁忙城市學習自己駕駛路線的小巴士，而節目就讓大家體驗小巴士的刺激旅程！小巴士將與交遊廣闊的綠巴士小吉及精靈活潑的黃巴士妮妮等色彩繽紛紛的主角一起，透過 Tayo 的日常體驗，帶出具教育意義的資訊。＃01Tayo的一天，＃02Tayo迷路了。,"TAYO,妮妮,小吉,瑞瑞",,http://mod.cht.com.tw/video/drama-details.php?id=412767,http://mod.cht.com.tw/img/iappic/412767.jpg,2017-10-06 21:55:42
卡通199-兒童,大地戰士莫西根,2017-12-28,卡通199/7+推薦/大地戰士莫西根 ,詹姆士菲尼莫庫柏五部小說中的第二集《 最後的莫西根戰士》，講述北美殖民戰爭時期(1740-1806)，僅存莫西根族生還者：邊疆英雄鷹眼、勇士昂卡斯與巨蛇，他們的冒險故事。英國獵人、兩位莫西根人和兇惡的休倫族酋長麥格瓦起了激烈衝突，這場戰爭血染了森林與五大湖。,,,http://mod.cht.com.tw/video/drama-details.php?id=445575,http://mod.cht.com.tw/img/iappic/445575.jpg,2017-10-06 21:55:42
卡通199-兒童,YOYO嘻遊記S10,2018-04-26,卡通199/兒童節目/YOYO嘻遊記S10 ,第1集 台北夜市爭霸PK,"櫻桃姐姐,KIWI姐姐,香蕉哥哥,草莓姐姐,西瓜哥哥,蜜蜂姐姐",,http://mod.cht.com.tw/video/drama-details.php?id=443635,http://mod.cht.com.tw/img/iappic/443635.jpg,2017-10-06 21:55:42
卡通199-兒童,119特警隊 打火英雄,2017-11-30,卡通199/特攝英雄/119特警隊 打火英雄 ,在119特警隊們的活躍表現下，世界又回復了和平。但是!被封印在北極的古代火炎種族操弄著火焰復活了!世界各地發生了「超火災」!這一次，菁英們又集結起來，組成了「119特警隊：打火英雄」!駕駛著可合體變形的救難機具，對抗邪惡的災害!,"茶風林,渡邊明乃,鄉里大輔,高木禮子,千葉進步",,http://mod.cht.com.tw/video/drama-details.php?id=383177,http://mod.cht.com.tw/img/iappic/383177.jpg,2017-10-06 21:55:42
卡通199-兒童,變形金剛:領袖的挑戰S2,2019-03-31,卡通199/精選兒童/變形金剛:領袖的挑戰S2 ,"第1集【勇者無懼-上集】，大黃蜂他們在柯博文至尊的協助下,擊敗了密卡托納斯後,決定繼續追捕監獄船阿克摩號上的逃犯,體力虛弱的柯博文堅持提供助力,不顧自己前往北極圈可能會有危險,他仍然勇往直前,只是等他帶領施韋伯他們到了北極圈後,卻因為體力不濟,身陷危機,施韋伯他們必須想辦法救他,還要對付戰力高強的狂派金剛北極爪,使得他們命在旦夕",,,http://mod.cht.com.tw/video/drama-details.php?id=407081,http://mod.cht.com.tw/img/iappic/407081.jpg,2017-10-06 21:55:42
卡通199-兒童,恐龍火車,2017-12-28,卡通199/車車精選/恐龍火車 卡通199/7+推薦/恐龍火車 ,本集的主題分別是海中暴龍、艾寞的沙漠初體驗、小車掌大會、禿頂龍的火車節 。美國兒童節目製作公司推出的「恐龍火車」，主要針對學齡前三到六歲兒童設計的知識性冒險節目。小暴龍巴迪和領養他的翼手龍爸爸、媽媽、兄弟姐妹泰妮、珊妮以及小唐坐著火車，讓列車長帶他們探索叢林、沼澤、火山和海洋，並且參觀了三疊紀，侏羅紀和白堊紀，讓小朋友們在玩樂間更進ㄧ步了解生命科學，自然史和古生物學。,,,http://mod.cht.com.tw/video/drama-details.php?id=250784,http://mod.cht.com.tw/img/iappic/250784.jpg,2017-10-06 21:55:42
卡通199-兒童,蠟筆小新闔家歡,2017-12-28,卡通199/精選兒童/蠟筆小新闔家歡 卡通199/卡通明星/蠟筆小新闔家歡 ,第1話【媽媽戀愛了哦】，美冴以為蔬果店男店員佐藤喜歡她，內心時常雀躍不已且妄想著各種情況。終於有一天，美冴收到了佐藤給的一封信…。,"小新,小葵,美冴,廣志",,http://mod.cht.com.tw/video/drama-details.php?id=213636,http://mod.cht.com.tw/img/iappic/213636.jpg,2017-10-06 21:55:42
卡通199-兒童,紅鼻子阿路S1,2018-09-27,卡通199/2+推薦/紅鼻子阿路S1 ,住在櫻桃樹的紅鼻子阿路、住在石頭裡的達魯，與住在舊壺中的卡魯遇到來自Starland的新朋友-機器人阿圖，隨著百合花律動歡聲歌唱的大家，將與機器人阿圖擦出什麼火花，又將會發生什麼有趣的冒險故事呢？,,,http://mod.cht.com.tw/video/drama-details.php?id=455401,http://mod.cht.com.tw/img/iappic/455401.jpg,2017-10-06 21:55:42
卡通199-兒童,TAYO小巴士S2,2017-12-28,卡通199/2+推薦/TAYO小巴士S2 ,主角Tayo是一輛剛開始在一個繁忙城市學習自己駕駛路線的小巴士，而節目就讓大家體驗小巴士的刺激旅程！小巴士將與交遊廣闊的綠巴士小吉及精靈活潑的黃巴士妮妮等色彩繽紛紛的主角一起，透過 Tayo 的日常體驗，帶出具教育意義的資訊。,"TAYO,妮妮,小吉,瑞瑞",,http://mod.cht.com.tw/video/drama-details.php?id=435415,http://mod.cht.com.tw/img/iappic/435415.jpg,2017-10-06 21:55:42
卡通199-兒童,超級總動員S11,2018-06-28,卡通199/兒童節目/超級總動員S11 ,有才藝卻苦惱沒地方表現嗎? 你有高超舞技嗎?還是你的記憶力超強或者你有著和人與眾不同的強項，『超級總動員』設計了一個能夠盡情發揮才藝的舞台！ 不論是什麼特殊才藝，只要你敢秀！都歡迎你來挑戰！,"鐘欣凌,郭彥均",,http://mod.cht.com.tw/video/drama-details.php?id=446295,http://mod.cht.com.tw/img/iappic/446295.jpg,2017-10-06 21:55:42
卡通199-兒童,本週上架,2017-12-28,卡通199/7+推薦/朵拉和朋友們 卡通199/本週上架 ,朵拉搬家到一個漂亮的海濱市鎮，這個泛拉丁都會區叫做普拉亞佛德，朵拉開始了嶄新且忙碌的校園師活，也擁有許多好朋友—愛拉娜、艾瑪、奈亞、凱特及帕布羅，一起加入冒險的行列，在城市中快樂地學習和探索。這不是普通的城市，對街、公園或校園裡，有著通往神奇世界的門，處處充滿了驚喜和困難等著他們。一個古老的美麗手環、一個可信任的地圖城市，以及開朗、有趣又可愛的朋友們，朵拉邀請小朋友們一起加入他們面對挑戰！,"朵拉,愛拉娜,艾瑪,奈亞,凱特及帕布羅",,http://mod.cht.com.tw/video/drama-details.php?id=460733,http://mod.cht.com.tw/img/iappic/460733.jpg,2017-10-06 21:55:42
卡通199-兒童,PORORO第4季,2018-06-28,卡通199/卡通明星/PORORO第4季 ,在一個遙遠的地方，有個遠離人類被冰雪覆蓋的寧靜海島。海島的森林裡有個小村莊，裡面住著一群可愛的小動物。他們是好奇淘氣的小企鵝波露露（Pororo）、溫和的大北極熊波比、愛管閒事的小狐狸艾迪、膽小怕事的小海狸露比、友善的小企鵝妹妹貝蒂、逍遙自在的蜂鳥哈利和淘氣的小恐龍小龍。這些生活在一起的小動物有著不同的性格和愛好，因此時常也會在平靜的生活中發生一些誤會、爭吵或有趣的事。但是他們始終都是好朋友，懂得互相幫助，總能找到及時解決困難的辦法。,"勞勞,艾迪",,http://mod.cht.com.tw/video/drama-details.php?id=443583,http://mod.cht.com.tw/img/iappic/443583.jpg,2017-10-06 21:55:42
卡通199-兒童,花園小尖兵,2017-12-28,卡通199/精選兒童/花園小尖兵 ,泰隆夢想成為一位厲害的滑板家。他或許還不知道所有的滑板技巧，但他將參加一個有史以來最大的滑板比賽─「滑板炫技殊死戰」。在那裡他將遇到三位最好的選手，歐妮卡、泰隆和奧斯汀。但是，當泰隆找到神奇滑板後，他很快的發現因為神奇滑板他可以滑的和別人一樣好。神奇滑板會是他贏得比賽的關鍵嗎？,,,http://mod.cht.com.tw/video/drama-details.php?id=376347,http://mod.cht.com.tw/img/iappic/376347.jpg,2017-10-06 21:55:42
卡通199-兒童,蠟筆小新-電視版,2017-12-28,卡通199/卡通明星/蠟筆小新-電視版 ,第130話【我要去旅行喔安排/江湖浪子喔/最後的新子喔】小新半夜突然肚子痛，爬起來上廁所時，意外聽到美冴和廣志在討論只剩下三天的壽命！？小新聽了後晴天霹靂，認為自己才五歲就要不久人世，突然變成乖巧懂事的小孩來和大家道別…。小新和妮妮他們在公園玩，突然來了一個稱呼妮妮為甜心的陌生男孩，而且為了爭奪妮妮，決定和小新他們來一局撞球比賽，贏的人就可以帶走妮妮…神祕的新子又來了，原來她是來自未來的五歲小葵，因為五歲的時候常常挨媽媽的罵，所以特地來調查美冴是不是自己的親生母親。,"蔣篤慧,王瑞芹,于正昇",,http://mod.cht.com.tw/video/drama-details.php?id=442400,http://mod.cht.com.tw/img/iappic/442400.jpg,2017-10-06 21:55:42
卡通199-兒童,動物園道S3,2019-07-25,卡通199/2+推薦/動物園道S3 ,榮獲英國最佳學齡前兒童類別動畫獎。住在動物園隔壁的露西，每天晚上道過晚安之後，就會偷溜進動物園裡，聽她的動物朋友們說故事。露西的動物朋友們來自世界各個角落，透過一個又一個有趣、溫馨、可愛的動物故事，露西不但聽到了好聽的床邊故事，也學會了體貼他人、勇敢負責等等與他人相處的重要課題。故事場景遍及五大洲，有大海中鯨魚冒險的故事、非洲動物們想去衝浪的故事、動物們一起裝飾聖誕樹的故事等，各個動物的冒險故事滿足了小朋友的想像，並無形中增加小朋友對地球環境和生物的知識。,,,http://mod.cht.com.tw/video/drama-details.php?id=389451,http://mod.cht.com.tw/img/iappic/389451.jpg,2017-10-06 21:55:42
卡通199-兒童,Poli波力S2,2018-06-28,卡通199/車車精選/Poli波力S2 卡通199/2+推薦/Poli波力S2 ,Poli(波力)、ROY(羅伊)、AMBER(安寶)以及HELLY(赫利)各代表速度、力量、智慧以及飛行等不同意義的救難交通工具，在每次不同的任務中教導小朋友如何學習面對問題，啟發兒童的互助的精神和友情的可貴。第1話【布姆鎮的訪客】。第2話【拯救赫利】。,"波力,安寶,羅伊,赫利",,http://mod.cht.com.tw/video/drama-details.php?id=448866,http://mod.cht.com.tw/img/iappic/448866.jpg,2017-10-06 21:55:42
卡通199-兒童,天使少女組1,2017-12-28,卡通199/夢幻少女/天使少女組1 ,一群住在安奇鎮的年輕天使們，期待著畢業後能成為100%的守護天使。而她們的最終考驗是到地球上的黃金學院，指引並保護青少年們。但是天使團隊的任務將充滿驚險刺激的冒險，不過她們最大的挑戰是一群年輕惡魔的阻擋。天使與惡魔之間精彩的冒險與挑戰，也會帶來無止盡的歡笑與燦爛的火花!,,,http://mod.cht.com.tw/video/drama-details.php?id=422201,http://mod.cht.com.tw/img/iappic/422201.jpg,2017-10-06 21:55:42
卡通199-兒童,好好玩自然S1,2018-06-28,卡通199/兒童節目/好好玩自然S1 ,最優質、充滿知識性、啟發好奇心的生態節目，由帥氣的柳丁哥哥與阿傑老師（熱血阿傑）、崇瑋老師（四海遊龍）帶大家一起好好玩自然。,柳丁哥哥,,http://mod.cht.com.tw/video/drama-details.php?id=380614,http://mod.cht.com.tw/img/iappic/380614.jpg,2017-10-06 21:55:42
卡通199-兒童,蠟筆小新(581-676),2017-12-28,卡通199/卡通明星/蠟筆小新(581-676) ,"第664話【去草津家族旅遊,上集哦/去草津家族旅遊,下集哦/今天好冷哦】到草津去家族旅行的野原一家，從出發前一周就很期待並且準備齊全。但是卻因為太晚出發被車陣塞住。小新跟廣志去滑雪而美冴他們則是去做SPA。在來草津的路上遇到一家很像野原家的家庭。於是大家就一起行動？！快要下雪很寒冷的這天，野原家的暖爐桌壞掉了！燈油也用光暖氣的遙控器也下落不明！","蔣篤慧,王瑞芹,于正昇",,http://mod.cht.com.tw/video/drama-details.php?id=460876,http://mod.cht.com.tw/img/iappic/460876.jpg,2017-10-06 21:55:42
卡通199-兒童,機器戰士TOBOT 4,2018-12-27,卡通199/精選兒童/機器戰士TOBOT 4 ,公路上一輛遊覽車發生意外，差點被砸爛，幸好一個神祕的跆拳道機器人在緊急關頭出手相救。赫拉警員和同事們在路上例行盤查，隊伍中一輛車突然駛離臨檢點，警方一路追趕，將可疑份子逼進了一棟建築物裡…赫拉警員發現警方追的並非嫌犯，而是鬧肚子的跆拳道教練。這名康教練和他兒子傑克，帶著他們的機器戰士K，專程拜訪富蘭克林博士和機器戰士團隊。目前為李經理辦事的狄魯克，似乎找到了某種珍貴的土壤…,,,http://mod.cht.com.tw/video/drama-details.php?id=462726,http://mod.cht.com.tw/img/iappic/462726.jpg,2017-10-06 21:55:42
卡通199-兒童,我們這一家,2017-12-28,卡通199/精選兒童/我們這一家 卡通199/卡通明星/我們這一家 ,【我們這一家】的故事是以立花一家人所發生的生活瑣事為主軸，他們並非模範家庭，既平凡又普通，就像是我們生活周遭的人一般：就算是小事情也非常認真的媽媽、上廁所不關門的爸爸、女兒是個普通的高中女生、兒子則是個乍看之下很酷，但實則不然的中學生。每個小故事可能都曾發生在你我身邊，讓人不禁會心一笑。,"花媽,花爸,橘子,柚子",,http://mod.cht.com.tw/video/drama-details.php?id=161496,http://mod.cht.com.tw/img/iappic/161496.jpg,2017-10-06 21:55:42
卡通199-兒童,童話列車,2017-12-28,卡通199/精選兒童/童話列車 ,本片為中英雙語，切換語言請按遙控器#字鍵。第1集: 很久很久以前，上帝與撒旦是不會比較誰比較厲害的。當他們要開始耕種時候，上帝都讓撒旦先選擇: 要土地上面或下面。可是每次撒旦都拿不到農作物，撒旦開始抱怨與生氣。撒旦終於了解上帝支配著大自然。第2集: 亞馬遜河形成的童話故事。只有爺爺知道水源，雙胞胎兄弟因不想再扛重重的水桶，哥哥偷偷變成一隻鱷鳥跟蹤爺爺，發現水竟然是從一顆樹流出來的。神奇的樹倒下後，一大片洪水流出來，變成了世界最大的亞馬遜河，昆蟲就變成了人類。第3集: 靜不下來的鳥。世界剛開始的時候，所有的,"上帝,撒旦,雙胞胎兄弟,古神",,http://mod.cht.com.tw/video/drama-details.php?id=431025,http://mod.cht.com.tw/img/iappic/431025.jpg,2017-10-06 21:55:42
卡通199-兒童,新哆啦A夢,2018-08-30,卡通199/卡通明星/新哆啦A夢 ,第652集【爆笑胡椒】，大雄知道自己在身材體型和力氣上贏不了胖虎，所以想以動作敏捷度取勝，靜香於是告訴他牛若丸和弁慶的故事，大雄聽了便要求哆啦A夢帶他回平安時代見牛若丸，想向牛若丸學藝，見到牛若丸之後，大雄真的有點變了。,"哆啦A夢,大雄,靜香,胖虎,小夫",,http://mod.cht.com.tw/video/drama-details.php?id=278916,http://mod.cht.com.tw/img/iappic/278916.jpg,2017-10-06 21:55:42
卡通199-兒童,假面騎士W,2017-12-28,卡通199/特攝英雄/假面騎士W ,第1話【W的搜索/偵探是兩人一體】追隨著父親的足跡來到風都的亞樹子，發現坐鎮父親的偵探事務所的、竟然是為名叫左翔太郎與菲力普的年輕偵探；原本想趕他們出去的亞樹子卻陰錯陽差的捲進一個奇妙事件裡……,"桐山漣,菅田將暉",,http://mod.cht.com.tw/video/drama-details.php?id=448628,http://mod.cht.com.tw/img/iappic/448628.jpg,2017-10-06 21:55:42
卡通199-兒童,聖獸師,2017-12-28,卡通199/7+推薦/聖獸師 ,一群少年在偶然機會下結識男主角小吉後展開一場冒險。小吉擁有超能力可將上古神獸封印在他的神器(溜溜球)上，不僅可以招喚神獸出來，還能進一步跟神獸合體成為強大的「聖獸師」。聖獸師自古以來維繫著地球的和平，與地底下想統治全世界的「邪獸師」對抗。小吉在戰鬥中慢慢喚起失去的記憶，與夥伴們共同為聖獸師的使命而努力。,,,http://mod.cht.com.tw/video/drama-details.php?id=428316,http://mod.cht.com.tw/img/iappic/428316.jpg,2017-10-06 21:55:42
卡通199-兒童,佩佩與小貓,2019-08-31,卡通199/精選兒童/佩佩與小貓 ,榮獲艾美獎 最佳學齡前兒童動畫節目，一個女孩 + 一隻小貓 = 小小朋友輕鬆學數學！唱唱跳跳學數數！頭大的數字問題通通變得好Easy！打開你的耳朵，擺動你的身體，拿好手上的烏克麗麗，佩佩與小貓要帶你玩遍所有的數學遊戲！由∞(無限大)構成雲朵、方格紙構成背景，從最簡單的數數，到有點難度的加減乘除，甚至是困難的形狀區分和圖表比較，佩佩與她的好搭檔小貓可以用數學解決所有的問題！,佩佩,,http://mod.cht.com.tw/video/drama-details.php?id=460868,http://mod.cht.com.tw/img/iappic/460868.jpg,2017-10-06 21:55:42
卡通199-兒童,九藏喵窩,2018-06-30,卡通199/精選兒童/九藏喵窩 ,第1集【歡迎來到喵王國】，小滴收到一封來自喵王國的信，到底信的內容是什麼呢？在前往喵王國的途中又會發生什麼有趣的事情呢？ 第2集【藍喵的秘密】，不好了！藍喵頭上的葉子枯萎了？是被欺負了嗎？還是沒澆水呢？偷懶的喵國王……不！是關心藍喵的喵國王決定調查原因！,,,http://mod.cht.com.tw/video/drama-details.php?id=378313,http://mod.cht.com.tw/img/iappic/378313.jpg,2017-10-06 21:55:42
卡通199-兒童,好奇鼠迪迪,2018-08-30,卡通199/2+推薦/好奇鼠迪迪 ,第1集【不用守規矩了】，迪迪討厭守規矩，不喜歡一大堆規定，但後來他發現，不守規矩的話，生活會亂成一團的！第2集【變變變】，迪迪想用魔法將妹妹變成植物，成為家中唯一的小孩，但後來他發現，他根本不捨得這麼做，因為他其實是愛妹妹的。,"迪迪,裘弟,娜提,咕咕",,http://mod.cht.com.tw/video/drama-details.php?id=412770,http://mod.cht.com.tw/img/iappic/412770.jpg,2017-10-06 21:55:42
卡通199-兒童,萌萌與歐力,2017-12-28,卡通199/7+推薦/萌萌與歐力 ,萌萌與歐力兩個小淘氣，一位是充滿疑問的好奇寶寶，另一位則充滿活力，他們兩個人又會碰出什麼樣的火花呢？一起跟著萌萌與歐力，去尋找各式各樣的精彩冒險吧！,,,http://mod.cht.com.tw/video/drama-details.php?id=433731,http://mod.cht.com.tw/img/iappic/433731.jpg,2017-10-06 21:55:42
卡通199-兒童,萌學園5異界對決,2020-06-13,卡通199/兒童節目/萌學園5異界對決 ,萌騎士團與闍黑大戰之後的半年，隕石突然飛向萌學園，慧星小組卻發現萌騎士隊長艾瑞克竟隨著隕石掉落到萌學園！大甜甜老師立刻展開治療駛卷使微弱的艾瑞克，並聯繫夸特諾基地的陶格長老幫忙。同時，謎亞星卻掉落在地球上的夸特諾基地，產生魔法反轉的奇異現象。透過大甜甜與亮晶晶的聯絡，艾瑞克得知謎亞星掉落在夸特諾基地，急切想知道找尋萌騎士團下落，但又發現自己身體裡產生奇怪的能量，艾瑞克失控了！,,,http://mod.cht.com.tw/video/drama-details.php?id=440907,http://mod.cht.com.tw/img/iappic/440907.jpg,2017-10-06 21:55:42
卡通199-兒童,YOYO嘻遊記S11,2018-04-26,卡通199/兒童節目/YOYO嘻遊記S11 ,第1集【平溪鐵支路好遊趣】，為小朋友提供好玩、好吃的風景介紹，以親子同遊的角度規劃，以及經由各地方的人士所提供的獨家玩法，讓父母親們對於假日親子同遊有一個最具體的行程規劃。,"香蕉哥哥,彩虹姐姐,西瓜哥哥,月亮姐姐,蜜蜂姐姐,柳丁哥哥,草莓姐姐",,http://mod.cht.com.tw/video/drama-details.php?id=448723,http://mod.cht.com.tw/img/iappic/448723.jpg,2017-10-06 21:55:42
卡通199-兒童,YOYO點點名,2018-06-28,卡通199/兒童節目/YOYO點點名 ,東森幼幼台入圍電視金鐘最佳兒少節目獎「 YOYO點點名」是為2-6歲學齡前幼兒規劃的優質節目，推出年度精心製作全新歌曲－華麗的、冒險的、夢幻的曲風。第12集收錄曲目包含： YOYO百分百、Gimme Five、生日快快樂、畫畫魔法、彩色棉花糖、洗澡呱呱呱、拍拍拍、微笑包裹、蒲公英、幸福電波。,"香蕉哥哥,草莓姐姐",,http://mod.cht.com.tw/video/drama-details.php?id=378299,http://mod.cht.com.tw/img/iappic/378299.jpg,2017-10-06 21:55:42
卡通199-兒童,恰恰特快車S5,2017-12-28,卡通199/卡通明星/恰恰特快車S5 ,故事的舞台是一個叫「Chuggington」的小鎮，在這裡住著許多火車，他們和人類一起生活一起從事各種各樣的工作。主人公是住在這個小鎮上的小見習火車3人組，他們是威爾遜、可可和布魯斯特。故事描述了生活在Chuggington鎮的3人，在火車前輩的指導下經歷各種各樣的事情，一起歡笑難過，一起成長的過程，既讓人輕鬆愉悅，也不乏溫馨感動。,"威爾遜,可可,布魯斯特",,http://mod.cht.com.tw/video/drama-details.php?id=422341,http://mod.cht.com.tw/img/iappic/422341.jpg,2017-10-06 21:55:42
卡通199-兒童,出發吧！迪亞哥4,2017-12-28,卡通199/7+推薦/出發吧！迪亞哥4 ,迪亞哥在各集節目會介紹一種動物特性與彼此的相似性，對於賴以維生的環境需求等。同時也透過節目揭露動物的重要生理特徵，以及對於生態環境的適應。讓迪亞哥帶著觀眾一起運用生態資源與科學方法，認識並記錄各種的動物特徵。,"迪亞哥,艾莉雅,朵拉和小動物們",,http://mod.cht.com.tw/video/drama-details.php?id=373370,http://mod.cht.com.tw/img/iappic/373370.jpg,2017-10-06 21:55:42
卡通199-兒童,偶像學園S3,2017-12-28,卡通199/夢幻少女/偶像學園S3 ,第1話【來進行偶像活動吧☆Ready Go!! 】崇拜小莓而進入星光學園就讀的大空明里，和室友服部優因房間漏水，學校決定幫她們換寢室，結果明里被安排與美貌出眾的冰上堇同一個房間，為了早點和冰上堇成為好友，明里決定找她一起參加試鏡活動……。,"龍顯蕙,李昀晴,連婉鈞",,http://mod.cht.com.tw/video/drama-details.php?id=417742,http://mod.cht.com.tw/img/iappic/417742.jpg,2017-10-06 21:55:42
卡通199-兒童,機器戰士TOBOT 2,2018-05-31,卡通199/精選兒童/機器戰士TOBOT 2 ,今天是里莫出獄的日子，富蘭克林博士帶著迪倫前往迎接，不放心的雷恩和柯利則是偷偷跟在後頭。另一邊，邪惡的阿克尼想起里莫也曾有過破壞大東市的企圖，於是派了狄魯克和魔獸戰士去籠絡對方……里莫和富蘭克林一同回家之後，兩人開始回憶起第一次見面的場景，當時他們還是學生，同時參加機器人競賽，年輕的阿克尼也是參賽者之一，她的AC暴君獲得第一名，但是受到眾人歡呼的，卻是未得名的富蘭克林……,,,http://mod.cht.com.tw/video/drama-details.php?id=462960,http://mod.cht.com.tw/img/iappic/462960.jpg,2017-10-06 21:55:42
卡通199-兒童,我們這一家B,2017-12-28,卡通199/精選兒童/我們這一家B 卡通199/卡通明星/我們這一家B ,第170話【下雪的日子】，住在都市裡的花家，冬天很難得能夠看到下大雪，所以當這一天外面開始飄雪時，橘子和柚子兩姊弟，立刻從床上爬起來觀看，讓媽媽感嘆地說真希望每天都能下雪，她就不用辛苦地每天叫兩姊弟起床了。不過一整天下來，花家人對雪的觀感似乎開始各有不同…。,"花媽,花爸,橘子,柚子",,http://mod.cht.com.tw/video/drama-details.php?id=175865,http://mod.cht.com.tw/img/iappic/175865.jpg,2017-10-06 21:55:42
卡通199-兒童,金的冒險,2017-12-28,卡通199/精選兒童/金的冒險 ,有個孤兒在拉哈爾街頭遊蕩，他的父母是英國人，爸爸更是軍隊裡的上校。不過，這個名為金的孤兒有著印度人的說話方式與思維，直到他遇上正在尋找淨化之河的西藏聖僧。金對於聖僧的外表非常著迷，並開始追隨他。不過，過去總是如影隨形，他們意外碰上父親以前的英國兵團。金此刻別無選擇，因為一旦他被認定為英國人，便會被迫去上學並加入英國特勤局…,,,http://mod.cht.com.tw/video/drama-details.php?id=454873,http://mod.cht.com.tw/img/iappic/454873.jpg,2017-10-06 21:55:42
